date,year,doy,mae,rmse,mae_roll7,rmse_roll7,stable_day,data_status
2023-01-01,2023,1,0.045,0.0773,0.04155,0.08505,True,fixed_equation_evaluation_record
2023-01-02,2023,2,0.0433,0.0917,0.039779999999999996,0.08284,True,fixed_equation_evaluation_record
2023-01-03,2023,3,0.0387,0.0919,0.0388,0.08223333333333334,True,fixed_equation_evaluation_record
2023-01-04,2023,4,0.0392,0.0793,0.037714285714285714,0.07985714285714285,True,fixed_equation_evaluation_record
2023-01-05,2023,5,0.0327,0.074,0.03622857142857143,0.08034285714285715,True,fixed_equation_evaluation_record
2023-01-06,2023,6,0.0339,0.0792,0.035057142857142856,0.07708571428571429,True,fixed_equation_evaluation_record
2023-01-07,2023,7,0.0312,0.0656,0.03437142857142857,0.07414285714285715,True,fixed_equation_evaluation_record
2023-01-08,2023,8,0.0346,0.0807,0.033800000000000004,0.07491428571428571,True,fixed_equation_evaluation_record
2023-01-09,2023,9,0.0351,0.0689,0.03421428571428571,0.07641428571428573,True,fixed_equation_evaluation_record
2023-01-10,2023,10,0.0339,0.0713,0.03478571428571429,0.07641428571428573,True,fixed_equation_evaluation_record
2023-01-11,2023,11,0.0352,0.0847,0.03598571428571429,0.07865714285714286,True,fixed_equation_evaluation_record
2023-01-12,2023,12,0.0356,0.0845,0.037128571428571434,0.07730000000000001,True,fixed_equation_evaluation_record
2023-01-13,2023,13,0.0379,0.0792,0.038,0.07875714285714286,True,fixed_equation_evaluation_record
2023-01-14,2023,14,0.0396,0.0813,0.038400000000000004,0.07995714285714285,True,fixed_equation_evaluation_record
2023-01-15,2023,15,0.0426,0.0712,0.039200000000000006,0.07772857142857144,True,fixed_equation_evaluation_record
2023-01-16,2023,16,0.0412,0.0791,0.039771428571428576,0.07705714285714285,True,fixed_equation_evaluation_record
2023-01-17,2023,17,0.0367,0.0797,0.03962857142857142,0.07595714285714285,True,fixed_equation_evaluation_record
2023-01-18,2023,18,0.0408,0.0691,0.039142857142857146,0.07651428571428572,True,fixed_equation_evaluation_record
2023-01-19,2023,19,0.0396,0.0798,0.03828571428571429,0.07672857142857141,True,fixed_equation_evaluation_record
2023-01-20,2023,20,0.0369,0.0715,0.03778571428571429,0.07635714285714286,True,fixed_equation_evaluation_record
2023-01-21,2023,21,0.0362,0.0852,0.03872857142857143,0.07709999999999999,True,fixed_equation_evaluation_record
2023-01-22,2023,22,0.0366,0.0727,0.03981428571428571,0.07945714285714287,True,fixed_equation_evaluation_record
2023-01-23,2023,23,0.0377,0.0765,0.041614285714285715,0.08155714285714286,True,fixed_equation_evaluation_record
2023-01-24,2023,24,0.0433,0.0849,0.04241428571428572,0.0823,True,fixed_equation_evaluation_record
2023-01-25,2023,25,0.0484,0.0856,0.0439,0.0826,True,fixed_equation_evaluation_record
2023-01-26,2023,26,0.0522,0.0945,0.04642857142857143,0.0863,True,fixed_equation_evaluation_record
2023-01-27,2023,27,0.0425,0.0767,0.04861428571428572,0.08632857142857142,True,fixed_equation_evaluation_record
2023-01-28,2023,28,0.0466,0.0873,0.0505,0.08775714285714287,True,fixed_equation_evaluation_record
2023-01-29,2023,29,0.0543,0.0986,0.04912857142857143,0.08657142857142856,True,fixed_equation_evaluation_record
2023-01-30,2023,30,0.053,0.0767,0.046642857142857146,0.0849142857142857,True,fixed_equation_evaluation_record
2023-01-31,2023,31,0.0565,0.0949,0.047085714285714286,0.08588571428571427,True,fixed_equation_evaluation_record
2023-02-01,2023,32,0.0388,0.0773,0.04631428571428571,0.08655714285714287,True,fixed_equation_evaluation_record
2023-02-02,2023,33,0.0348,0.0829,0.04352857142857143,0.0848,True,fixed_equation_evaluation_record
2023-02-03,2023,34,0.0456,0.0835,0.040257142857142866,0.08235714285714286,True,fixed_equation_evaluation_record
2023-02-04,2023,35,0.0412,0.092,0.037385714285714286,0.08061428571428572,True,fixed_equation_evaluation_record
2023-02-05,2023,36,0.0348,0.0863,0.0381,0.08134285714285715,True,fixed_equation_evaluation_record
2023-02-06,2023,37,0.0301,0.0596,0.03935714285714286,0.08092857142857143,True,fixed_equation_evaluation_record
2023-02-07,2023,38,0.0364,0.0827,0.03958571428571429,0.08277142857142857,True,fixed_equation_evaluation_record
2023-02-08,2023,39,0.0438,0.0824,0.041057142857142855,0.08238571428571428,True,fixed_equation_evaluation_record
2023-02-09,2023,40,0.0436,0.08,0.044457142857142855,0.08374285714285715,True,fixed_equation_evaluation_record
2023-02-10,2023,41,0.0472,0.0964,0.04752857142857143,0.08855714285714286,True,fixed_equation_evaluation_record
2023-02-11,2023,42,0.0515,0.0893,0.049371428571428566,0.08958571428571428,True,fixed_equation_evaluation_record
2023-02-12,2023,43,0.0586,0.0958,0.05051428571428571,0.09055714285714286,True,fixed_equation_evaluation_record
2023-02-13,2023,44,0.0516,0.0933,0.05104285714285715,0.09068571428571429,True,fixed_equation_evaluation_record
2023-02-14,2023,45,0.0493,0.0899,0.050042857142857146,0.08807142857142858,True,fixed_equation_evaluation_record
2023-02-15,2023,46,0.0518,0.0892,0.04902857142857143,0.08714285714285715,True,fixed_equation_evaluation_record
2023-02-16,2023,47,0.0473,0.0809,0.04707142857142858,0.0873,True,fixed_equation_evaluation_record
2023-02-17,2023,48,0.0402,0.0781,0.04635714285714286,0.08795714285714286,True,fixed_equation_evaluation_record
2023-02-18,2023,49,0.0444,0.0828,0.04560000000000001,0.08644285714285714,True,fixed_equation_evaluation_record
2023-02-19,2023,50,0.0449,0.0969,0.04472857142857143,0.08567142857142858,True,fixed_equation_evaluation_record
2023-02-20,2023,51,0.0466,0.0979,0.04478571428571428,0.0853,True,fixed_equation_evaluation_record
2023-02-21,2023,52,0.044,0.0793,0.04492857142857143,0.08562857142857142,True,fixed_equation_evaluation_record
2023-02-22,2023,53,0.0457,0.0838,0.043628571428571426,0.08572857142857142,True,fixed_equation_evaluation_record
2023-02-23,2023,54,0.0477,0.0783,0.04177142857142857,0.08097142857142857,True,fixed_equation_evaluation_record
2023-02-24,2023,55,0.0412,0.0804,0.04078571428571428,0.07935714285714286,True,fixed_equation_evaluation_record
2023-02-25,2023,56,0.0353,0.0835,0.04065714285714286,0.07834285714285714,True,fixed_equation_evaluation_record
2023-02-26,2023,57,0.0319,0.0636,0.04045714285714286,0.07808571428571429,True,fixed_equation_evaluation_record
2023-02-27,2023,58,0.0397,0.0866,0.04057142857142857,0.07964285714285714,True,fixed_equation_evaluation_record
2023-02-28,2023,59,0.0431,0.0722,0.041999999999999996,0.08102857142857144,True,fixed_equation_evaluation_record
2023-03-01,2023,60,0.0443,0.082,0.04328571428571428,0.08228571428571428,True,fixed_equation_evaluation_record
2023-03-02,2023,61,0.0485,0.0892,0.04410000000000001,0.0831857142857143,True,fixed_equation_evaluation_record
2023-03-03,2023,62,0.0512,0.0901,0.04448571428571429,0.08187142857142857,True,fixed_equation_evaluation_record
2023-03-04,2023,63,0.0443,0.0923,0.04467142857142857,0.08478571428571427,True,fixed_equation_evaluation_record
2023-03-05,2023,64,0.0376,0.0699,0.044599999999999994,0.08488571428571427,True,fixed_equation_evaluation_record
2023-03-06,2023,65,0.0424,0.0774,0.04381428571428571,0.08342857142857144,True,fixed_equation_evaluation_record
2023-03-07,2023,66,0.0444,0.0926,0.04301428571428572,0.08397142857142857,True,fixed_equation_evaluation_record
2023-03-08,2023,67,0.0438,0.0827,0.04328571428571428,0.08348571428571429,True,fixed_equation_evaluation_record
2023-03-09,2023,68,0.043,0.079,0.04471428571428571,0.0873,True,fixed_equation_evaluation_record
2023-03-10,2023,69,0.0456,0.0939,0.045514285714285715,0.09060000000000001,True,fixed_equation_evaluation_record
2023-03-11,2023,70,0.0462,0.0889,0.0474,0.08952857142857143,True,fixed_equation_evaluation_record
2023-03-12,2023,71,0.0476,0.0966,0.04858571428571429,0.09042857142857143,True,fixed_equation_evaluation_record
2023-03-13,2023,72,0.048,0.1005,0.049742857142857144,0.0925,True,fixed_equation_evaluation_record
2023-03-14,2023,73,0.0576,0.0851,0.05041428571428571,0.0919,True,fixed_equation_evaluation_record
2023-03-15,2023,74,0.0521,0.089,0.050742857142857145,0.09345714285714286,True,fixed_equation_evaluation_record
2023-03-16,2023,75,0.0511,0.0935,0.049928571428571426,0.09064285714285714,True,fixed_equation_evaluation_record
2023-03-17,2023,76,0.0503,0.0897,0.04927142857142857,0.08801428571428571,True,fixed_equation_evaluation_record
2023-03-18,2023,77,0.0485,0.0998,0.04672857142857143,0.08668571428571428,True,fixed_equation_evaluation_record
2023-03-19,2023,78,0.0419,0.0769,0.04494285714285714,0.08635714285714287,True,fixed_equation_evaluation_record
2023-03-20,2023,79,0.0434,0.0821,0.04365714285714285,0.08434285714285715,True,fixed_equation_evaluation_record
2023-03-21,2023,80,0.0398,0.0758,0.04304285714285715,0.08534285714285715,True,fixed_equation_evaluation_record
2023-03-22,2023,81,0.0396,0.0867,0.04232857142857143,0.08291428571428572,True,fixed_equation_evaluation_record
2023-03-23,2023,82,0.0421,0.0794,0.04327142857142857,0.08642857142857142,True,fixed_equation_evaluation_record
2023-03-24,2023,83,0.046,0.0967,0.04454285714285715,0.0871,True,fixed_equation_evaluation_record
2023-03-25,2023,84,0.0435,0.0828,0.04560000000000001,0.08882857142857144,True,fixed_equation_evaluation_record
2023-03-26,2023,85,0.0485,0.1015,0.046,0.08738571428571429,True,fixed_equation_evaluation_record
2023-03-27,2023,86,0.0523,0.0868,0.047157142857142856,0.09017142857142857,True,fixed_equation_evaluation_record
2023-03-28,2023,87,0.0472,0.0879,0.0474,0.08867142857142858,True,fixed_equation_evaluation_record
2023-03-29,2023,88,0.0424,0.0766,0.048671428571428574,0.0885,True,fixed_equation_evaluation_record
2023-03-30,2023,89,0.0502,0.0989,0.04797142857142857,0.08492857142857144,True,fixed_equation_evaluation_record
2023-03-31,2023,90,0.0477,0.0862,0.04697142857142857,0.08538571428571429,True,fixed_equation_evaluation_record
2023-04-01,2023,91,0.0524,0.0816,0.047999999999999994,0.08548571428571429,True,fixed_equation_evaluation_record
2023-04-02,2023,92,0.0436,0.0765,0.049371428571428566,0.08782857142857144,True,fixed_equation_evaluation_record
2023-04-03,2023,93,0.0453,0.09,0.049685714285714284,0.0883142857142857,True,fixed_equation_evaluation_record
2023-04-04,2023,94,0.0544,0.0886,0.05014285714285714,0.0891857142857143,True,fixed_equation_evaluation_record
2023-04-05,2023,95,0.052,0.093,0.04897142857142857,0.09128571428571428,True,fixed_equation_evaluation_record
2023-04-06,2023,96,0.0524,0.1023,0.050671428571428576,0.09457142857142857,True,fixed_equation_evaluation_record
2023-04-07,2023,97,0.0509,0.0923,0.05114285714285715,0.09405714285714285,True,fixed_equation_evaluation_record
2023-04-08,2023,98,0.0442,0.0963,0.05048571428571429,0.09380000000000001,True,fixed_equation_evaluation_record
2023-04-09,2023,99,0.0555,0.0995,0.050485714285714293,0.09554285714285714,True,fixed_equation_evaluation_record
2023-04-10,2023,100,0.0486,0.0864,0.0497,0.09434285714285714,True,fixed_equation_evaluation_record
2023-04-11,2023,101,0.0498,0.0868,0.050185714285714285,0.09521428571428571,True,fixed_equation_evaluation_record
2023-04-12,2023,102,0.052,0.1052,0.051114285714285716,0.09547142857142857,True,fixed_equation_evaluation_record
2023-04-13,2023,103,0.0469,0.0939,0.05084285714285714,0.0962857142857143,True,fixed_equation_evaluation_record
2023-04-14,2023,104,0.0543,0.0984,0.051957142857142855,0.09752857142857142,True,fixed_equation_evaluation_record
2023-04-15,2023,105,0.0507,0.0981,0.05255714285714286,0.09822857142857143,True,fixed_equation_evaluation_record
2023-04-16,2023,106,0.0536,0.1052,0.053085714285714285,0.09722857142857144,True,fixed_equation_evaluation_record
2023-04-17,2023,107,0.0564,0.0951,0.053899999999999997,0.09841428571428572,True,fixed_equation_evaluation_record
2023-04-18,2023,108,0.054,0.0917,0.05278571428571428,0.09684285714285715,True,fixed_equation_evaluation_record
2023-04-19,2023,109,0.0557,0.0982,0.05174285714285714,0.09632857142857143,True,fixed_equation_evaluation_record
2023-04-20,2023,110,0.0526,0.1022,0.050757142857142855,0.09407142857142857,True,fixed_equation_evaluation_record
2023-04-21,2023,111,0.0465,0.0874,0.049800000000000004,0.09330000000000001,True,fixed_equation_evaluation_record
2023-04-22,2023,112,0.0434,0.0945,0.049228571428571434,0.09311428571428572,True,fixed_equation_evaluation_record
2023-04-23,2023,113,0.0467,0.0894,0.04845714285714286,0.0918,True,fixed_equation_evaluation_record
2023-04-24,2023,114,0.0497,0.0897,0.04805714285714286,0.09048571428571428,True,fixed_equation_evaluation_record
2023-04-25,2023,115,0.05,0.0904,0.047757142857142866,0.08937142857142856,True,fixed_equation_evaluation_record
2023-04-26,2023,116,0.0503,0.089,0.04772857142857143,0.0880857142857143,True,fixed_equation_evaluation_record
2023-04-27,2023,117,0.0498,0.093,0.04688571428571429,0.08652857142857143,True,fixed_equation_evaluation_record
2023-04-28,2023,118,0.0444,0.0796,0.04727142857142857,0.08812857142857143,True,fixed_equation_evaluation_record
2023-04-29,2023,119,0.0432,0.0855,0.04725714285714285,0.08882857142857141,True,fixed_equation_evaluation_record
2023-04-30,2023,120,0.0408,0.0785,0.04712857142857142,0.08981428571428572,True,fixed_equation_evaluation_record
2023-05-01,2023,121,0.0524,0.1009,0.047971428571428575,0.08941428571428571,True,fixed_equation_evaluation_record
2023-05-02,2023,122,0.0499,0.0953,0.04921428571428571,0.09074285714285714,True,fixed_equation_evaluation_record
2023-05-03,2023,123,0.0494,0.0959,0.05,0.09211428571428572,True,fixed_equation_evaluation_record
2023-05-04,2023,124,0.0557,0.0902,0.05157142857142858,0.09461428571428572,True,fixed_equation_evaluation_record
2023-05-05,2023,125,0.0531,0.0889,0.05185714285714286,0.09422857142857143,True,fixed_equation_evaluation_record
2023-05-06,2023,126,0.0487,0.0951,0.05191428571428571,0.09364285714285715,True,fixed_equation_evaluation_record
2023-05-07,2023,127,0.0518,0.096,0.05302857142857143,0.09530000000000001,True,fixed_equation_evaluation_record
2023-05-08,2023,128,0.0544,0.0982,0.052642857142857144,0.0972,True,fixed_equation_evaluation_record
2023-05-09,2023,129,0.0503,0.0912,0.05298571428571429,0.09752857142857144,True,fixed_equation_evaluation_record
2023-05-10,2023,130,0.0572,0.1075,0.05467142857142857,0.09894285714285714,True,fixed_equation_evaluation_record
2023-05-11,2023,131,0.053,0.1035,0.05641428571428571,0.10048571428571429,True,fixed_equation_evaluation_record
2023-05-12,2023,132,0.0555,0.0912,0.058742857142857145,0.10270000000000001,True,fixed_equation_evaluation_record
2023-05-13,2023,133,0.0605,0.105,0.059442857142857145,0.10405714285714285,True,fixed_equation_evaluation_record
2023-05-14,2023,134,0.064,0.1068,0.05948571428571429,0.10284285714285715,True,fixed_equation_evaluation_record
2023-05-15,2023,135,0.0707,0.1137,0.059742857142857146,0.10132857142857143,True,fixed_equation_evaluation_record
2023-05-16,2023,136,0.0552,0.1007,0.059257142857142855,0.10327142857142857,True,fixed_equation_evaluation_record
2023-05-17,2023,137,0.0575,0.099,0.057257142857142854,0.10307142857142858,True,fixed_equation_evaluation_record
2023-05-18,2023,138,0.0548,0.0929,0.054771428571428575,0.0993142857142857,True,fixed_equation_evaluation_record
2023-05-19,2023,139,0.0521,0.1048,0.051171428571428576,0.09524285714285714,True,fixed_equation_evaluation_record
2023-05-20,2023,140,0.0465,0.1036,0.050685714285714285,0.09385714285714286,True,fixed_equation_evaluation_record
2023-05-21,2023,141,0.0466,0.0805,0.050314285714285714,0.0948,True,fixed_equation_evaluation_record
2023-05-22,2023,142,0.0455,0.0852,0.05022857142857142,0.09531428571428571,True,fixed_equation_evaluation_record
2023-05-23,2023,143,0.0518,0.091,0.04997142857142857,0.09369999999999999,True,fixed_equation_evaluation_record
2023-05-24,2023,144,0.0549,0.1056,0.050542857142857146,0.09102857142857144,True,fixed_equation_evaluation_record
2023-05-25,2023,145,0.0542,0.0965,0.05024285714285714,0.09291428571428573,True,fixed_equation_evaluation_record
2023-05-26,2023,146,0.0503,0.0935,0.050071428571428565,0.09365714285714286,True,fixed_equation_evaluation_record
2023-05-27,2023,147,0.0505,0.0849,0.049571428571428565,0.09228571428571429,True,fixed_equation_evaluation_record
2023-05-28,2023,148,0.0445,0.0937,0.048614285714285714,0.08935714285714284,True,fixed_equation_evaluation_record
2023-05-29,2023,149,0.0443,0.0904,0.04885714285714286,0.08927142857142857,True,fixed_equation_evaluation_record
2023-05-30,2023,150,0.0483,0.0814,0.05032857142857143,0.09134285714285716,True,fixed_equation_evaluation_record
2023-05-31,2023,151,0.0482,0.0851,0.051242857142857146,0.09375714285714286,True,fixed_equation_evaluation_record
2023-06-01,2023,152,0.0559,0.0959,0.052371428571428576,0.09308571428571429,True,fixed_equation_evaluation_record
2023-06-02,2023,153,0.0606,0.108,0.05268571428571429,0.09241428571428571,True,fixed_equation_evaluation_record
2023-06-03,2023,154,0.0569,0.1018,0.05222857142857144,0.09445714285714286,True,fixed_equation_evaluation_record
2023-06-04,2023,155,0.0524,0.089,0.05255714285714286,0.09647142857142857,True,fixed_equation_evaluation_record
2023-06-05,2023,156,0.0465,0.0857,0.05188571428571428,0.09709999999999999,True,fixed_equation_evaluation_record
2023-06-06,2023,157,0.0451,0.0957,0.050742857142857145,0.09638571428571428,True,fixed_equation_evaluation_record
2023-06-07,2023,158,0.0505,0.0992,0.050671428571428576,0.09407142857142857,True,fixed_equation_evaluation_record
2023-06-08,2023,159,0.0512,0.1003,0.05144285714285714,0.0960142857142857,True,fixed_equation_evaluation_record
2023-06-09,2023,160,0.0526,0.103,0.0543,0.09948571428571427,True,fixed_equation_evaluation_record
2023-06-10,2023,161,0.0564,0.0856,0.05722857142857142,0.1006,True,fixed_equation_evaluation_record
2023-06-11,2023,162,0.0578,0.1026,0.05958571428571429,0.10265714285714286,True,fixed_equation_evaluation_record
2023-06-12,2023,163,0.0665,0.11,0.06168571428571429,0.10171428571428572,True,fixed_equation_evaluation_record
2023-06-13,2023,164,0.0656,0.1035,0.06267142857142857,0.10175714285714285,True,fixed_equation_evaluation_record
2023-06-14,2023,165,0.067,0.1136,0.06327142857142856,0.10401428571428571,True,fixed_equation_evaluation_record
2023-06-15,2023,166,0.0659,0.0937,0.06352857142857143,0.10454285714285715,True,fixed_equation_evaluation_record
2023-06-16,2023,167,0.0595,0.1033,0.06251428571428572,0.10448571428571428,True,fixed_equation_evaluation_record
2023-06-17,2023,168,0.0606,0.1014,0.06148571428571429,0.10500000000000001,True,fixed_equation_evaluation_record
2023-06-18,2023,169,0.0596,0.1063,0.06017142857142858,0.10362857142857143,True,fixed_equation_evaluation_record
2023-06-19,2023,170,0.0594,0.1096,0.057614285714285715,0.10495714285714286,True,fixed_equation_evaluation_record
2023-06-20,2023,171,0.0584,0.1071,0.05607142857142857,0.10415714285714286,True,fixed_equation_evaluation_record
2023-06-21,2023,172,0.0578,0.104,0.05511428571428571,0.10164285714285715,True,fixed_equation_evaluation_record
2023-06-22,2023,173,0.048,0.103,0.0535,0.09837142857142855,True,fixed_equation_evaluation_record
2023-06-23,2023,174,0.0487,0.0977,0.05215714285714285,0.09537142857142857,True,fixed_equation_evaluation_record
2023-06-24,2023,175,0.0539,0.0838,0.05059999999999999,0.09292857142857144,True,fixed_equation_evaluation_record
2023-06-25,2023,176,0.0483,0.0834,0.05065714285714286,0.09061428571428572,True,fixed_equation_evaluation_record
2023-06-26,2023,177,0.05,0.0886,0.0514,0.08915714285714285,True,fixed_equation_evaluation_record
2023-06-27,2023,178,0.0475,0.09,0.05242857142857143,0.08865714285714285,True,fixed_equation_evaluation_record
2023-06-28,2023,179,0.0582,0.0878,0.053657142857142855,0.09061428571428572,True,fixed_equation_evaluation_record
2023-06-29,2023,180,0.0532,0.0928,0.05574285714285714,0.09277142857142857,True,fixed_equation_evaluation_record
2023-06-30,2023,181,0.0559,0.0942,0.058071428571428566,0.09555714285714287,True,fixed_equation_evaluation_record
2023-07-01,2023,182,0.0625,0.0975,0.060442857142857145,0.09777142857142858,True,fixed_equation_evaluation_record
2023-07-02,2023,183,0.0629,0.0985,0.06074285714285714,0.10005714285714286,True,fixed_equation_evaluation_record
2023-07-03,2023,184,0.0663,0.1081,0.06114285714285715,0.10134285714285715,True,fixed_equation_evaluation_record
2023-07-04,2023,185,0.0641,0.1055,0.0615,0.10361428571428573,True,fixed_equation_evaluation_record
2023-07-05,2023,186,0.0603,0.1038,0.060300000000000006,0.10251428571428571,True,fixed_equation_evaluation_record
2023-07-06,2023,187,0.056,0.1018,0.058257142857142855,0.10282857142857142,True,fixed_equation_evaluation_record
2023-07-07,2023,188,0.0584,0.1101,0.05722857142857143,0.1014,True,fixed_equation_evaluation_record
2023-07-08,2023,189,0.0541,0.0898,0.05575714285714285,0.10042857142857142,True,fixed_equation_evaluation_record
2023-07-09,2023,190,0.0486,0.1007,0.05555714285714286,0.10052857142857143,True,fixed_equation_evaluation_record
2023-07-10,2023,191,0.0591,0.0981,0.0544,0.10005714285714284,True,fixed_equation_evaluation_record
2023-07-11,2023,192,0.0538,0.0987,0.05351428571428572,0.09697142857142857,True,fixed_equation_evaluation_record
2023-07-12,2023,193,0.0589,0.1045,0.05495714285714286,0.09804285714285714,True,fixed_equation_evaluation_record
2023-07-13,2023,194,0.0479,0.0985,0.055828571428571436,0.0983142857142857,True,fixed_equation_evaluation_record
2023-07-14,2023,195,0.0522,0.0885,0.05475714285714286,0.09875714285714286,True,fixed_equation_evaluation_record
2023-07-15,2023,196,0.0642,0.0973,0.05475714285714286,0.09832857142857143,True,fixed_equation_evaluation_record
2023-07-16,2023,197,0.0547,0.1026,0.05418571428571428,0.09854285714285714,True,fixed_equation_evaluation_record
2023-07-17,2023,198,0.0516,0.1012,0.05624285714285714,0.09857142857142856,True,fixed_equation_evaluation_record
2023-07-18,2023,199,0.0538,0.0957,0.05752857142857142,0.10038571428571429,True,fixed_equation_evaluation_record
2023-07-19,2023,200,0.0549,0.106,0.058071428571428566,0.10084285714285714,True,fixed_equation_evaluation_record
2023-07-20,2023,201,0.0623,0.0987,0.05897142857142858,0.1014,True,fixed_equation_evaluation_record
2023-07-21,2023,202,0.0612,0.1012,0.05971428571428571,0.1020857142857143,True,fixed_equation_evaluation_record
2023-07-22,2023,203,0.068,0.1005,0.05927142857142857,0.10178571428571427,True,fixed_equation_evaluation_record
2023-07-23,2023,204,0.061,0.1065,0.05847142857142857,0.10047142857142857,True,fixed_equation_evaluation_record
2023-07-24,2023,205,0.0568,0.106,0.056228571428571426,0.10052857142857143,True,fixed_equation_evaluation_record
2023-07-25,2023,206,0.0507,0.0936,0.05415714285714286,0.10105714285714286,True,fixed_equation_evaluation_record
2023-07-26,2023,207,0.0493,0.0968,0.05247142857142857,0.10125714285714285,True,fixed_equation_evaluation_record
2023-07-27,2023,208,0.0466,0.0991,0.05145714285714286,0.0999,True,fixed_equation_evaluation_record
2023-07-28,2023,209,0.0467,0.1049,0.051814285714285716,0.09964285714285714,True,fixed_equation_evaluation_record
2023-07-29,2023,210,0.0562,0.1019,0.05305714285714286,0.1009,True,fixed_equation_evaluation_record
2023-07-30,2023,211,0.0539,0.097,0.05482857142857143,0.10279999999999999,True,fixed_equation_evaluation_record
2023-07-31,2023,212,0.0593,0.1042,0.05657142857142857,0.10357142857142856,True,fixed_equation_evaluation_record
2023-08-01,2023,213,0.0594,0.1024,0.057871428571428574,0.10312857142857143,True,fixed_equation_evaluation_record
2023-08-02,2023,214,0.0617,0.1101,0.0581,0.10224285714285715,True,fixed_equation_evaluation_record
2023-08-03,2023,215,0.0588,0.1045,0.05795714285714286,0.10237142857142857,True,fixed_equation_evaluation_record
2023-08-04,2023,216,0.0558,0.1018,0.057300000000000004,0.10244285714285715,True,fixed_equation_evaluation_record
2023-08-05,2023,217,0.0578,0.0957,0.0571,0.1029,True,fixed_equation_evaluation_record
2023-08-06,2023,218,0.0529,0.0979,0.057185714285714284,0.10314285714285713,True,fixed_equation_evaluation_record
2023-08-07,2023,219,0.0547,0.1047,0.05631428571428571,0.10332857142857144,True,fixed_equation_evaluation_record
2023-08-08,2023,220,0.058,0.1056,0.05442857142857143,0.10065714285714286,True,fixed_equation_evaluation_record
2023-08-09,2023,221,0.0623,0.1118,0.05207142857142857,0.10121428571428571,True,fixed_equation_evaluation_record
2023-08-10,2023,222,0.0527,0.1058,0.051171428571428576,0.10034285714285715,True,fixed_equation_evaluation_record
2023-08-11,2023,223,0.0426,0.0831,0.05037142857142857,0.09965714285714286,True,fixed_equation_evaluation_record
2023-08-12,2023,224,0.0413,0.0996,0.049999999999999996,0.09912857142857143,True,fixed_equation_evaluation_record
2023-08-13,2023,225,0.0466,0.0918,0.04875714285714287,0.09752857142857144,True,fixed_equation_evaluation_record
2023-08-14,2023,226,0.0491,0.0999,0.049257142857142854,0.09795714285714285,True,fixed_equation_evaluation_record
2023-08-15,2023,227,0.0554,0.1019,0.05055714285714286,0.09814285714285713,True,fixed_equation_evaluation_record
2023-08-16,2023,228,0.0536,0.1006,0.05255714285714286,0.09901428571428571,True,fixed_equation_evaluation_record
2023-08-17,2023,229,0.0562,0.1088,0.05442857142857143,0.09902857142857142,True,fixed_equation_evaluation_record
2023-08-18,2023,230,0.0517,0.0844,0.0553,0.09915714285714285,True,fixed_equation_evaluation_record
2023-08-19,2023,231,0.0553,0.1057,0.05555714285714286,0.09808571428571429,True,fixed_equation_evaluation_record
2023-08-20,2023,232,0.0597,0.0919,0.05621428571428572,0.09935714285714285,True,fixed_equation_evaluation_record
2023-08-21,2023,233,0.0552,0.1008,0.05567142857142857,0.09818571428571428,True,fixed_equation_evaluation_record
2023-08-22,2023,234,0.0572,0.0944,0.055285714285714285,0.09855714285714287,True,fixed_equation_evaluation_record
2023-08-23,2023,235,0.0582,0.1095,0.054714285714285715,0.09835714285714285,True,fixed_equation_evaluation_record
2023-08-24,2023,236,0.0524,0.1006,0.05442857142857143,0.09744285714285715,True,fixed_equation_evaluation_record
2023-08-25,2023,237,0.049,0.087,0.054842857142857145,0.09801428571428572,True,fixed_equation_evaluation_record
2023-08-26,2023,238,0.0513,0.1043,0.055042857142857136,0.10027142857142857,True,fixed_equation_evaluation_record
2023-08-27,2023,239,0.0577,0.0855,0.0565,0.10104285714285713,True,fixed_equation_evaluation_record
2023-08-28,2023,240,0.0581,0.1048,0.057357142857142863,0.10178571428571428,True,fixed_equation_evaluation_record
2023-08-29,2023,241,0.0586,0.1102,0.058114285714285716,0.10295714285714286,True,fixed_equation_evaluation_record
2023-08-30,2023,242,0.0684,0.1149,0.058485714285714294,0.10035714285714285,True,fixed_equation_evaluation_record
2023-08-31,2023,243,0.0584,0.1058,0.057257142857142854,0.09937142857142857,True,fixed_equation_evaluation_record
2023-09-01,2023,244,0.0543,0.0952,0.05592857142857143,0.09618571428571429,True,fixed_equation_evaluation_record
2023-09-02,2023,245,0.0539,0.0861,0.05461428571428572,0.09245714285714286,True,fixed_equation_evaluation_record
2023-09-03,2023,246,0.0491,0.0786,0.05211428571428572,0.09,True,fixed_equation_evaluation_record
2023-09-04,2023,247,0.0488,0.0825,0.05147142857142857,0.08871428571428572,True,fixed_equation_evaluation_record
2023-09-05,2023,248,0.0494,0.0841,0.051457142857142854,0.08955714285714286,True,fixed_equation_evaluation_record
2023-09-06,2023,249,0.0509,0.0977,0.0493,0.08958571428571428,True,fixed_equation_evaluation_record
2023-09-07,2023,250,0.0539,0.0968,0.04792857142857143,0.09068571428571429,True,fixed_equation_evaluation_record
2023-09-08,2023,251,0.0542,0.1011,0.04792857142857143,0.09321428571428571,True,fixed_equation_evaluation_record
2023-09-09,2023,252,0.0388,0.0863,0.047214285714285716,0.09371428571428572,True,fixed_equation_evaluation_record
2023-09-10,2023,253,0.0395,0.0863,0.04617142857142857,0.0921,True,fixed_equation_evaluation_record
2023-09-11,2023,254,0.0488,0.1002,0.04567142857142857,0.0901,True,fixed_equation_evaluation_record
2023-09-12,2023,255,0.0444,0.0876,0.045200000000000004,0.08882857142857141,True,fixed_equation_evaluation_record
2023-09-13,2023,256,0.0436,0.0864,0.047400000000000005,0.09114285714285715,True,fixed_equation_evaluation_record
2023-09-14,2023,257,0.0504,0.0828,0.049928571428571426,0.09421428571428571,True,fixed_equation_evaluation_record
2023-09-15,2023,258,0.0509,0.0922,0.051457142857142854,0.09568571428571429,True,fixed_equation_evaluation_record
2023-09-16,2023,259,0.0542,0.1025,0.053214285714285714,0.0975142857142857,True,fixed_equation_evaluation_record
2023-09-17,2023,260,0.0572,0.1078,0.05494285714285714,0.10064285714285715,True,fixed_equation_evaluation_record
2023-09-18,2023,261,0.0595,0.1105,0.05581428571428571,0.1028,True,fixed_equation_evaluation_record
2023-09-19,2023,262,0.0567,0.1004,0.056671428571428574,0.10209999999999998,True,fixed_equation_evaluation_record
2023-09-20,2023,263,0.0557,0.1083,0.05678571428571428,0.10267142857142857,True,fixed_equation_evaluation_record
2023-09-21,2023,264,0.0565,0.0979,0.0576,0.10048571428571429,True,fixed_equation_evaluation_record
2023-09-22,2023,265,0.0569,0.0873,0.05672857142857143,0.0987,True,fixed_equation_evaluation_record
2023-09-23,2023,266,0.055,0.1065,0.05628571428571428,0.09774285714285715,True,fixed_equation_evaluation_record
2023-09-24,2023,267,0.0629,0.0925,0.05664285714285715,0.09617142857142857,True,fixed_equation_evaluation_record
2023-09-25,2023,268,0.0534,0.098,0.05611428571428572,0.09647142857142857,True,fixed_equation_evaluation_record
2023-09-26,2023,269,0.0536,0.0937,0.0548,0.09674285714285714,True,fixed_equation_evaluation_record
2023-09-27,2023,270,0.0582,0.0973,0.05468571428571429,0.09595714285714287,True,fixed_equation_evaluation_record
2023-09-28,2023,271,0.0528,0.1,0.053585714285714285,0.09615714285714286,True,fixed_equation_evaluation_record
2023-09-29,2023,272,0.0477,0.0892,0.05344285714285714,0.0945142857142857,True,fixed_equation_evaluation_record
2023-09-30,2023,273,0.0542,0.101,0.05297142857142857,0.09392857142857143,True,fixed_equation_evaluation_record
2023-10-01,2023,274,0.0552,0.0939,0.052642857142857144,0.09405714285714285,True,fixed_equation_evaluation_record
2023-10-02,2023,275,0.0524,0.0865,0.052328571428571426,0.09134285714285714,True,fixed_equation_evaluation_record
2023-10-03,2023,276,0.0503,0.0896,0.05311428571428572,0.09358571428571429,True,fixed_equation_evaluation_record
2023-10-04,2023,277,0.0559,0.0982,0.05228571428571428,0.09238571428571428,True,fixed_equation_evaluation_record
2023-10-05,2023,278,0.0506,0.081,0.0517,0.09125714285714284,True,fixed_equation_evaluation_record
2023-10-06,2023,279,0.0532,0.1049,0.0515,0.0927,True,fixed_equation_evaluation_record
2023-10-07,2023,280,0.0484,0.0926,0.050814285714285715,0.09121428571428572,True,fixed_equation_evaluation_record
2023-10-08,2023,281,0.0511,0.086,0.04837142857142857,0.08891428571428571,True,fixed_equation_evaluation_record
2023-10-09,2023,282,0.051,0.0966,0.04641428571428572,0.08877142857142858,True,fixed_equation_evaluation_record
2023-10-10,2023,283,0.0455,0.0792,0.04518571428571428,0.08750000000000001,True,fixed_equation_evaluation_record
2023-10-11,2023,284,0.0388,0.0821,0.043457142857142854,0.08692857142857144,True,fixed_equation_evaluation_record
2023-10-12,2023,285,0.0369,0.08,0.04282857142857143,0.08712857142857144,True,fixed_equation_evaluation_record
2023-10-13,2023,286,0.0446,0.096,0.041800000000000004,0.08624285714285715,True,fixed_equation_evaluation_record
2023-10-14,2023,287,0.0363,0.0886,0.041557142857142855,0.08642857142857142,True,fixed_equation_evaluation_record
2023-10-15,2023,288,0.0467,0.0874,0.042742857142857145,0.08768571428571428,True,fixed_equation_evaluation_record
2023-10-16,2023,289,0.0438,0.0904,0.043814285714285715,0.08807142857142856,True,fixed_equation_evaluation_record
2023-10-17,2023,290,0.0438,0.0805,0.04441428571428572,0.08719999999999999,True,fixed_equation_evaluation_record
2023-10-18,2023,291,0.0471,0.0909,0.04587142857142857,0.08664285714285713,True,fixed_equation_evaluation_record
2023-10-19,2023,292,0.0444,0.0827,0.0459,0.08644285714285714,True,fixed_equation_evaluation_record
2023-10-20,2023,293,0.0488,0.0899,0.04704285714285715,0.08797142857142858,True,fixed_equation_evaluation_record
2023-10-21,2023,294,0.0465,0.0847,0.04815714285714286,0.09118571428571429,True,fixed_equation_evaluation_record
2023-10-22,2023,295,0.0469,0.086,0.04908571428571428,0.09072857142857142,True,fixed_equation_evaluation_record
2023-10-23,2023,296,0.0518,0.1011,0.05117142857142857,0.09258571428571429,True,fixed_equation_evaluation_record
2023-10-24,2023,297,0.0516,0.103,0.05181428571428571,0.094,True,fixed_equation_evaluation_record
2023-10-25,2023,298,0.0536,0.0877,0.05191428571428571,0.09508571428571429,True,fixed_equation_evaluation_record
2023-10-26,2023,299,0.059,0.0957,0.05192857142857143,0.09395714285714285,True,fixed_equation_evaluation_record
2023-10-27,2023,300,0.0533,0.0998,0.05134285714285714,0.09175714285714286,True,fixed_equation_evaluation_record
2023-10-28,2023,301,0.0472,0.0923,0.050242857142857145,0.08855714285714286,True,fixed_equation_evaluation_record
2023-10-29,2023,302,0.047,0.0781,0.04915714285714286,0.08897142857142858,True,fixed_equation_evaluation_record
2023-10-30,2023,303,0.0477,0.0857,0.047842857142857145,0.08747142857142856,True,fixed_equation_evaluation_record
2023-10-31,2023,304,0.0439,0.0806,0.04625714285714285,0.08547142857142856,True,fixed_equation_evaluation_record
2023-11-01,2023,305,0.046,0.0906,0.044828571428571426,0.08182857142857143,True,fixed_equation_evaluation_record
2023-11-02,2023,306,0.0498,0.0852,0.04342857142857143,0.08191428571428572,True,fixed_equation_evaluation_record
2023-11-03,2023,307,0.0422,0.0858,0.043471428571428564,0.08257142857142856,True,fixed_equation_evaluation_record
2023-11-04,2023,308,0.0372,0.0668,0.04404285714285714,0.08152857142857142,True,fixed_equation_evaluation_record
2023-11-05,2023,309,0.0372,0.0787,0.043828571428571425,0.07865714285714286,True,fixed_equation_evaluation_record
2023-11-06,2023,310,0.048,0.0903,0.04317142857142857,0.07904285714285715,True,fixed_equation_evaluation_record
2023-11-07,2023,311,0.0479,0.0733,0.043228571428571436,0.07810000000000002,True,fixed_equation_evaluation_record
2023-11-08,2023,312,0.0445,0.0705,0.042557142857142856,0.07940000000000001,True,fixed_equation_evaluation_record
2023-11-09,2023,313,0.0452,0.0879,0.04284285714285714,0.07910000000000002,True,fixed_equation_evaluation_record
2023-11-10,2023,314,0.0426,0.0792,0.04284285714285714,0.07925714285714285,True,fixed_equation_evaluation_record
2023-11-11,2023,315,0.0325,0.0759,0.043871428571428575,0.08220000000000001,True,fixed_equation_evaluation_record
2023-11-12,2023,316,0.0392,0.0766,0.04454285714285715,0.08662857142857143,True,fixed_equation_evaluation_record
2023-11-13,2023,317,0.048,0.0914,0.04492857142857143,0.08802857142857143,True,fixed_equation_evaluation_record
2023-11-14,2023,318,0.0551,0.0939,0.04657142857142856,0.08975714285714285,True,fixed_equation_evaluation_record
2023-11-15,2023,319,0.0492,0.1015,0.049185714285714284,0.09228571428571429,True,fixed_equation_evaluation_record
2023-11-16,2023,320,0.0479,0.0977,0.050742857142857145,0.09587142857142858,True,fixed_equation_evaluation_record
2023-11-17,2023,321,0.0541,0.0913,0.0507,0.09501428571428572,True,fixed_equation_evaluation_record
2023-11-18,2023,322,0.0508,0.0936,0.04965714285714285,0.09362857142857142,True,fixed_equation_evaluation_record
2023-11-19,2023,323,0.0501,0.1017,0.047985714285714284,0.09161428571428573,True,fixed_equation_evaluation_record
2023-11-20,2023,324,0.0477,0.0854,0.04735714285714286,0.0899857142857143,True,fixed_equation_evaluation_record
2023-11-21,2023,325,0.0478,0.0842,0.04537142857142857,0.0900857142857143,True,fixed_equation_evaluation_record
2023-11-22,2023,326,0.0375,0.0874,0.04375714285714286,0.08928571428571429,True,fixed_equation_evaluation_record
2023-11-23,2023,327,0.0435,0.0863,0.042557142857142856,0.08652857142857143,True,fixed_equation_evaluation_record
2023-11-24,2023,328,0.0402,0.092,0.042242857142857144,0.08461428571428571,True,fixed_equation_evaluation_record
2023-11-25,2023,329,0.0395,0.088,0.041499999999999995,0.08432857142857143,True,fixed_equation_evaluation_record
2023-11-26,2023,330,0.0417,0.0824,0.042357142857142864,0.08448571428571428,True,fixed_equation_evaluation_record
2023-11-27,2023,331,0.0455,0.072,0.041999999999999996,0.08235714285714286,True,fixed_equation_evaluation_record
2023-11-28,2023,332,0.0426,0.0822,0.042100000000000005,0.07894285714285713,True,fixed_equation_evaluation_record
2023-11-29,2023,333,0.0435,0.0885,0.04224285714285714,0.07821428571428571,True,fixed_equation_evaluation_record
2023-11-30,2023,334,0.041,0.0714,0.04331428571428571,0.07971428571428572,True,fixed_equation_evaluation_record
2023-12-01,2023,335,0.0409,0.0681,0.04404285714285715,0.08352857142857142,True,fixed_equation_evaluation_record
2023-12-02,2023,336,0.0405,0.0829,0.0444,0.08255714285714286,True,fixed_equation_evaluation_record
2023-12-03,2023,337,0.0492,0.0929,0.04444285714285714,0.08307142857142857,True,fixed_equation_evaluation_record
2023-12-04,2023,338,0.0506,0.0987,0.045,0.08382857142857143,True,fixed_equation_evaluation_record
2023-12-05,2023,339,0.0451,0.0754,0.04488571428571429,0.0873142857142857,True,fixed_equation_evaluation_record
2023-12-06,2023,340,0.0438,0.0921,0.04585714285714286,0.08958571428571428,True,fixed_equation_evaluation_record
2023-12-07,2023,341,0.0449,0.0767,0.04475714285714286,0.08975714285714285,True,fixed_equation_evaluation_record
2023-12-08,2023,342,0.0401,0.0925,0.04375714285714286,0.08758571428571428,True,fixed_equation_evaluation_record
2023-12-09,2023,343,0.0473,0.0988,0.04345714285714286,0.08744285714285714,True,fixed_equation_evaluation_record
2023-12-10,2023,344,0.0415,0.0941,0.04322857142857143,0.08562857142857143,True,fixed_equation_evaluation_record
2023-12-11,2023,345,0.0436,0.0835,0.042628571428571425,0.08602857142857144,True,fixed_equation_evaluation_record
2023-12-12,2023,346,0.043,0.0744,0.04274285714285714,0.08578571428571428,True,fixed_equation_evaluation_record
2023-12-13,2023,347,0.0422,0.0794,0.042542857142857146,0.08444285714285714,True,fixed_equation_evaluation_record
2023-12-14,2023,348,0.0407,0.0795,0.043628571428571426,0.0838857142857143,True,fixed_equation_evaluation_record
2023-12-15,2023,349,0.0409,0.0908,0.04357142857142857,0.08515714285714285,True,fixed_equation_evaluation_record
2023-12-16,2023,350,0.0459,0.0894,0.043314285714285715,0.08521428571428571,True,fixed_equation_evaluation_record
2023-12-17,2023,351,0.0491,0.0902,0.04288571428571429,0.0834,True,fixed_equation_evaluation_record
2023-12-18,2023,352,0.0432,0.0924,0.04388571428571429,0.08509999999999998,True,fixed_equation_evaluation_record
2023-12-19,2023,353,0.0412,0.0748,0.0434,0.08335714285714284,True,fixed_equation_evaluation_record
2023-12-20,2023,354,0.0392,0.0667,0.04288571428571429,0.08108571428571429,True,fixed_equation_evaluation_record
2023-12-21,2023,355,0.0477,0.0914,0.04242857142857143,0.0813,True,fixed_equation_evaluation_record
2023-12-22,2023,356,0.0375,0.0786,0.04131428571428571,0.08034285714285715,True,fixed_equation_evaluation_record
2023-12-23,2023,357,0.0423,0.0735,0.04,0.0798857142857143,True,fixed_equation_evaluation_record
2023-12-24,2023,358,0.0459,0.0917,0.0386,0.07942857142857143,True,fixed_equation_evaluation_record
2023-12-25,2023,359,0.0354,0.0857,0.035957142857142854,0.07675714285714286,True,fixed_equation_evaluation_record
2023-12-26,2023,360,0.032,0.0716,0.03618571428571428,0.07809999999999999,True,fixed_equation_evaluation_record
2023-12-27,2023,361,0.0294,0.0635,0.03605714285714286,0.07808571428571429,True,fixed_equation_evaluation_record
2023-12-28,2023,362,0.0292,0.0727,0.0349,0.07522857142857142,True,fixed_equation_evaluation_record
2023-12-29,2023,363,0.0391,0.088,0.03481666666666667,0.07348333333333333,True,fixed_equation_evaluation_record
2023-12-30,2023,364,0.0414,0.0734,0.03538,0.07386,True,fixed_equation_evaluation_record
2023-12-31,2023,365,0.0378,0.0717,0.036875,0.07644999999999999,True,fixed_equation_evaluation_record
2024-01-01,2024,1,0.0394,0.0801,0.036199999999999996,0.0728,True,fixed_equation_evaluation_record
2024-01-02,2024,2,0.0334,0.0683,0.03644,0.07118,True,fixed_equation_evaluation_record
2024-01-03,2024,3,0.0358,0.0659,0.03858333333333333,0.07225,True,fixed_equation_evaluation_record
2024-01-04,2024,4,0.0362,0.0769,0.03964285714285714,0.0728,True,fixed_equation_evaluation_record
2024-01-05,2024,5,0.0374,0.0647,0.04064285714285714,0.07177142857142857,True,fixed_equation_evaluation_record
2024-01-06,2024,6,0.0493,0.0776,0.04245714285714286,0.0718142857142857,True,fixed_equation_evaluation_record
2024-01-07,2024,7,0.046,0.0761,0.043285714285714295,0.07167142857142858,True,fixed_equation_evaluation_record
2024-01-08,2024,8,0.0464,0.0729,0.0437,0.07191428571428571,True,fixed_equation_evaluation_record
2024-01-09,2024,9,0.0461,0.0686,0.044414285714285705,0.07295714285714286,True,fixed_equation_evaluation_record
2024-01-10,2024,10,0.0416,0.0649,0.04432857142857143,0.0723,True,fixed_equation_evaluation_record
2024-01-11,2024,11,0.0391,0.0786,0.04478571428571428,0.07258571428571428,True,fixed_equation_evaluation_record
2024-01-12,2024,12,0.0424,0.072,0.044457142857142855,0.07464285714285714,True,fixed_equation_evaluation_record
2024-01-13,2024,13,0.0487,0.073,0.04428571428571428,0.07425714285714287,True,fixed_equation_evaluation_record
2024-01-14,2024,14,0.0492,0.0781,0.044571428571428574,0.07802857142857143,True,fixed_equation_evaluation_record
2024-01-15,2024,15,0.0441,0.0873,0.044585714285714284,0.07807142857142857,True,fixed_equation_evaluation_record
2024-01-16,2024,16,0.0449,0.0659,0.04435714285714286,0.07830000000000001,True,fixed_equation_evaluation_record
2024-01-17,2024,17,0.0436,0.0913,0.04278571428571428,0.07832857142857143,True,fixed_equation_evaluation_record
2024-01-18,2024,18,0.0392,0.0789,0.04111428571428571,0.07728571428571429,True,fixed_equation_evaluation_record
2024-01-19,2024,19,0.0408,0.0736,0.04034285714285714,0.07538571428571429,True,fixed_equation_evaluation_record
2024-01-20,2024,20,0.0377,0.0732,0.03947142857142857,0.07824285714285714,True,fixed_equation_evaluation_record
2024-01-21,2024,21,0.0375,0.0708,0.03754285714285714,0.07572857142857144,True,fixed_equation_evaluation_record
2024-01-22,2024,22,0.0387,0.074,0.03728571428571429,0.07408571428571428,True,fixed_equation_evaluation_record
2024-01-23,2024,23,0.0388,0.0859,0.036585714285714284,0.07325714285714287,True,fixed_equation_evaluation_record
2024-01-24,2024,24,0.0301,0.0737,0.03667142857142858,0.07394285714285716,True,fixed_equation_evaluation_record
2024-01-25,2024,25,0.0374,0.0674,0.036585714285714284,0.0746,True,fixed_equation_evaluation_record
2024-01-26,2024,26,0.0359,0.0678,0.03628571428571429,0.0762142857142857,True,fixed_equation_evaluation_record
2024-01-27,2024,27,0.0383,0.078,0.035614285714285716,0.07452857142857142,True,fixed_equation_evaluation_record
2024-01-28,2024,28,0.0369,0.0754,0.03637142857142857,0.07601428571428571,True,fixed_equation_evaluation_record
2024-01-29,2024,29,0.0366,0.0853,0.036642857142857144,0.07577142857142857,True,fixed_equation_evaluation_record
2024-01-30,2024,30,0.0341,0.0741,0.037157142857142854,0.07772857142857144,True,fixed_equation_evaluation_record
2024-01-31,2024,31,0.0354,0.0841,0.03704285714285714,0.07657142857142858,True,fixed_equation_evaluation_record
2024-02-01,2024,32,0.0393,0.0657,0.03791428571428572,0.07758571428571427,True,fixed_equation_evaluation_record
2024-02-02,2024,33,0.0395,0.0815,0.03875714285714286,0.07527142857142856,True,fixed_equation_evaluation_record
2024-02-03,2024,34,0.0375,0.0699,0.04011428571428571,0.07478571428571427,True,fixed_equation_evaluation_record
2024-02-04,2024,35,0.043,0.0825,0.040485714285714285,0.07261428571428571,True,fixed_equation_evaluation_record
2024-02-05,2024,36,0.0425,0.0691,0.04012857142857144,0.07364285714285713,True,fixed_equation_evaluation_record
2024-02-06,2024,37,0.0436,0.0707,0.03978571428571429,0.07135714285714286,True,fixed_equation_evaluation_record
2024-02-07,2024,38,0.038,0.0689,0.04032857142857143,0.07092857142857144,True,fixed_equation_evaluation_record
2024-02-08,2024,39,0.0368,0.0729,0.03958571428571429,0.06961428571428571,True,fixed_equation_evaluation_record
2024-02-09,2024,40,0.0371,0.0655,0.03895714285714286,0.07189999999999999,True,fixed_equation_evaluation_record
2024-02-10,2024,41,0.0413,0.0669,0.0391,0.07310000000000001,True,fixed_equation_evaluation_record
2024-02-11,2024,42,0.0378,0.0733,0.040600000000000004,0.07579999999999999,True,fixed_equation_evaluation_record
2024-02-12,2024,43,0.0381,0.0851,0.042485714285714286,0.07934285714285715,True,fixed_equation_evaluation_record
2024-02-13,2024,44,0.0446,0.0791,0.043385714285714284,0.08197142857142857,True,fixed_equation_evaluation_record
2024-02-14,2024,45,0.0485,0.0878,0.043971428571428564,0.08372857142857144,True,fixed_equation_evaluation_record
2024-02-15,2024,46,0.05,0.0977,0.046085714285714285,0.08654285714285714,True,fixed_equation_evaluation_record
2024-02-16,2024,47,0.0434,0.0839,0.04674285714285715,0.08787142857142859,True,fixed_equation_evaluation_record
2024-02-17,2024,48,0.0454,0.0792,0.046342857142857144,0.08774285714285714,True,fixed_equation_evaluation_record
2024-02-18,2024,49,0.0526,0.093,0.045771428571428574,0.0876,True,fixed_equation_evaluation_record
2024-02-19,2024,50,0.0427,0.0944,0.04488571428571429,0.08451428571428572,True,fixed_equation_evaluation_record
2024-02-20,2024,51,0.0418,0.0782,0.04377142857142857,0.0838,True,fixed_equation_evaluation_record
2024-02-21,2024,52,0.0445,0.0868,0.04332857142857143,0.08211428571428571,True,fixed_equation_evaluation_record
2024-02-22,2024,53,0.0438,0.0761,0.0417,0.08114285714285716,True,fixed_equation_evaluation_record
2024-02-23,2024,54,0.0356,0.0789,0.041600000000000005,0.0777,True,fixed_equation_evaluation_record
2024-02-24,2024,55,0.0423,0.0674,0.04221428571428571,0.07925714285714285,True,fixed_equation_evaluation_record
2024-02-25,2024,56,0.0412,0.0862,0.041414285714285716,0.07564285714285714,True,fixed_equation_evaluation_record
2024-02-26,2024,57,0.042,0.0703,0.039914285714285715,0.0761142857142857,True,fixed_equation_evaluation_record
2024-02-27,2024,58,0.0461,0.0891,0.0412,0.07828571428571429,True,fixed_equation_evaluation_record
2024-02-28,2024,59,0.0389,0.0615,0.04208571428571429,0.08201428571428572,True,fixed_equation_evaluation_record
2024-02-29,2024,60,0.0333,0.0794,0.04288571428571429,0.08235714285714286,True,fixed_equation_evaluation_record
2024-03-01,2024,61,0.0446,0.0941,0.04405714285714286,0.08508571428571428,True,fixed_equation_evaluation_record
2024-03-02,2024,62,0.0485,0.0935,0.045599999999999995,0.08684285714285714,True,fixed_equation_evaluation_record
2024-03-03,2024,63,0.0468,0.0886,0.04774285714285714,0.09114285714285715,True,fixed_equation_evaluation_record
2024-03-04,2024,64,0.0502,0.0894,0.050185714285714285,0.09178571428571428,True,fixed_equation_evaluation_record
2024-03-05,2024,65,0.0569,0.1014,0.05109999999999999,0.09067142857142858,True,fixed_equation_evaluation_record
2024-03-06,2024,66,0.0539,0.0916,0.05058571428571428,0.0881,True,fixed_equation_evaluation_record
2024-03-07,2024,67,0.0504,0.0839,0.050057142857142856,0.08774285714285714,True,fixed_equation_evaluation_record
2024-03-08,2024,68,0.051,0.0863,0.04997142857142857,0.08842857142857143,True,fixed_equation_evaluation_record
2024-03-09,2024,69,0.0449,0.0755,0.047700000000000006,0.0853,True,fixed_equation_evaluation_record
2024-03-10,2024,70,0.0431,0.0861,0.04617142857142857,0.08277142857142858,True,fixed_equation_evaluation_record
2024-03-11,2024,71,0.0496,0.0942,0.045200000000000004,0.08265714285714286,True,fixed_equation_evaluation_record
2024-03-12,2024,72,0.041,0.0795,0.043628571428571426,0.0800142857142857,True,fixed_equation_evaluation_record
2024-03-13,2024,73,0.0432,0.0739,0.04361428571428572,0.08034285714285715,True,fixed_equation_evaluation_record
2024-03-14,2024,74,0.0436,0.0831,0.043885714285714285,0.08117142857142857,True,fixed_equation_evaluation_record
2024-03-15,2024,75,0.04,0.0678,0.0432,0.07881428571428571,True,fixed_equation_evaluation_record
2024-03-16,2024,76,0.0448,0.0778,0.04251428571428571,0.07938571428571428,True,fixed_equation_evaluation_record
2024-03-17,2024,77,0.045,0.0919,0.04142857142857143,0.07981428571428571,True,fixed_equation_evaluation_record
2024-03-18,2024,78,0.0448,0.0777,0.04114285714285714,0.07824285714285714,True,fixed_equation_evaluation_record
2024-03-19,2024,79,0.0362,0.0835,0.04127142857142857,0.07784285714285713,True,fixed_equation_evaluation_record
2024-03-20,2024,80,0.0356,0.0769,0.041,0.07617142857142857,True,fixed_equation_evaluation_record
2024-03-21,2024,81,0.0416,0.0721,0.04025714285714286,0.07282857142857144,True,fixed_equation_evaluation_record
2024-03-22,2024,82,0.0409,0.065,0.03982857142857143,0.0727,True,fixed_equation_evaluation_record
2024-03-23,2024,83,0.0429,0.0661,0.041100000000000005,0.07295714285714286,True,fixed_equation_evaluation_record
2024-03-24,2024,84,0.0398,0.0685,0.04202857142857142,0.07134285714285714,True,fixed_equation_evaluation_record
2024-03-25,2024,85,0.0418,0.0768,0.04187142857142857,0.07365714285714287,True,fixed_equation_evaluation_record
2024-03-26,2024,86,0.0451,0.0853,0.041242857142857144,0.07612857142857143,True,fixed_equation_evaluation_record
2024-03-27,2024,87,0.0421,0.0656,0.040985714285714285,0.07954285714285714,True,fixed_equation_evaluation_record
2024-03-28,2024,88,0.0405,0.0883,0.04184285714285714,0.08231428571428571,True,fixed_equation_evaluation_record
2024-03-29,2024,89,0.0365,0.0823,0.04291428571428572,0.08507142857142858,True,fixed_equation_evaluation_record
2024-03-30,2024,90,0.0411,0.09,0.04338571428571429,0.08572857142857142,True,fixed_equation_evaluation_record
2024-03-31,2024,91,0.0458,0.0879,0.04414285714285714,0.0884,True,fixed_equation_evaluation_record
2024-04-01,2024,92,0.0493,0.0961,0.045657142857142854,0.09022857142857142,True,fixed_equation_evaluation_record
2024-04-02,2024,93,0.0484,0.0899,0.04684285714285714,0.09037142857142857,True,fixed_equation_evaluation_record
2024-04-03,2024,94,0.0474,0.0843,0.04751428571428572,0.08835714285714287,True,fixed_equation_evaluation_record
2024-04-04,2024,95,0.0511,0.1011,0.04828571428571428,0.0867,True,fixed_equation_evaluation_record
2024-04-05,2024,96,0.0448,0.0833,0.04818571428571428,0.08704285714285713,True,fixed_equation_evaluation_record
2024-04-06,2024,97,0.0458,0.0759,0.04884285714285714,0.08707142857142858,True,fixed_equation_evaluation_record
2024-04-07,2024,98,0.0512,0.0763,0.049885714285714276,0.08638571428571429,True,fixed_equation_evaluation_record
2024-04-08,2024,99,0.0486,0.0985,0.049057142857142855,0.08458571428571428,True,fixed_equation_evaluation_record
2024-04-09,2024,100,0.053,0.0901,0.04881428571428571,0.08675714285714285,True,fixed_equation_evaluation_record
2024-04-10,2024,101,0.0547,0.0795,0.04847142857142857,0.08784285714285714,True,fixed_equation_evaluation_record
2024-04-11,2024,102,0.0453,0.0885,0.047157142857142856,0.08847142857142856,True,fixed_equation_evaluation_record
2024-04-12,2024,103,0.0431,0.0985,0.04591428571428572,0.08435714285714287,True,fixed_equation_evaluation_record
2024-04-13,2024,104,0.0434,0.0835,0.04428571428571428,0.08378571428571428,True,fixed_equation_evaluation_record
2024-04-14,2024,105,0.042,0.0807,0.04315714285714285,0.0831,True,fixed_equation_evaluation_record
2024-04-15,2024,106,0.0399,0.0697,0.04427142857142857,0.08368571428571428,True,fixed_equation_evaluation_record
2024-04-16,2024,107,0.0416,0.0861,0.044071428571428574,0.08235714285714286,True,fixed_equation_evaluation_record
2024-04-17,2024,108,0.0468,0.0747,0.043685714285714286,0.08098571428571429,True,fixed_equation_evaluation_record
2024-04-18,2024,109,0.0531,0.0926,0.04354285714285715,0.0804,True,fixed_equation_evaluation_record
2024-04-19,2024,110,0.0417,0.0892,0.04370000000000001,0.08322857142857143,True,fixed_equation_evaluation_record
2024-04-20,2024,111,0.0407,0.0739,0.04454285714285715,0.08414285714285714,True,fixed_equation_evaluation_record
2024-04-21,2024,112,0.041,0.0766,0.04432857142857143,0.08688571428571427,True,fixed_equation_evaluation_record
2024-04-22,2024,113,0.041,0.0895,0.043114285714285716,0.08524285714285715,True,fixed_equation_evaluation_record
2024-04-23,2024,114,0.0475,0.0925,0.043185714285714286,0.0855,True,fixed_equation_evaluation_record
2024-04-24,2024,115,0.0453,0.0939,0.04427142857142857,0.08824285714285714,True,fixed_equation_evaluation_record
2024-04-25,2024,116,0.0446,0.0811,0.044300000000000006,0.08917142857142857,True,fixed_equation_evaluation_record
2024-04-26,2024,117,0.0422,0.091,0.04525714285714285,0.08718571428571428,True,fixed_equation_evaluation_record
2024-04-27,2024,118,0.0483,0.0931,0.04548571428571429,0.08642857142857142,True,fixed_equation_evaluation_record
2024-04-28,2024,119,0.0412,0.0831,0.04588571428571429,0.08517142857142858,True,fixed_equation_evaluation_record
2024-04-29,2024,120,0.0477,0.0756,0.0475,0.08794285714285713,True,fixed_equation_evaluation_record
2024-04-30,2024,121,0.0491,0.0872,0.04834285714285714,0.08818571428571428,True,fixed_equation_evaluation_record
2024-05-01,2024,122,0.0481,0.0851,0.04845714285714285,0.0871,True,fixed_equation_evaluation_record
2024-05-02,2024,123,0.0559,0.1005,0.05052857142857142,0.0883,True,fixed_equation_evaluation_record
2024-05-03,2024,124,0.0481,0.0927,0.05148571428571429,0.09125714285714286,True,fixed_equation_evaluation_record
2024-05-04,2024,125,0.0491,0.0855,0.052300000000000006,0.0914857142857143,True,fixed_equation_evaluation_record
2024-05-05,2024,126,0.0557,0.0915,0.05237142857142857,0.09238571428571428,True,fixed_equation_evaluation_record
2024-05-06,2024,127,0.0544,0.0963,0.05148571428571429,0.09145714285714288,True,fixed_equation_evaluation_record
2024-05-07,2024,128,0.0548,0.0888,0.05144285714285714,0.09105714285714286,True,fixed_equation_evaluation_record
2024-05-08,2024,129,0.0486,0.0914,0.05087142857142857,0.09020000000000002,True,fixed_equation_evaluation_record
2024-05-09,2024,130,0.0497,0.094,0.05051428571428572,0.09201428571428572,True,fixed_equation_evaluation_record
2024-05-10,2024,131,0.0478,0.0899,0.04985714285714286,0.09198571428571427,True,fixed_equation_evaluation_record
2024-05-11,2024,132,0.0451,0.0795,0.049442857142857136,0.0954142857142857,True,fixed_equation_evaluation_record
2024-05-12,2024,133,0.0532,0.1042,0.049242857142857144,0.09795714285714287,True,fixed_equation_evaluation_record
2024-05-13,2024,134,0.0498,0.0961,0.04802857142857143,0.09781428571428571,True,fixed_equation_evaluation_record
2024-05-14,2024,135,0.0519,0.1128,0.04784285714285714,0.09645714285714287,True,fixed_equation_evaluation_record
2024-05-15,2024,136,0.0472,0.1092,0.047857142857142855,0.0986,True,fixed_equation_evaluation_record
2024-05-16,2024,137,0.0412,0.093,0.04778571428571428,0.09457142857142857,True,fixed_equation_evaluation_record
2024-05-17,2024,138,0.0465,0.0804,0.04781428571428571,0.0949857142857143,True,fixed_equation_evaluation_record
2024-05-18,2024,139,0.0452,0.0945,0.04742857142857143,0.09334285714285714,True,fixed_equation_evaluation_record
2024-05-19,2024,140,0.0527,0.076,0.04727142857142857,0.08832857142857142,True,fixed_equation_evaluation_record
2024-05-20,2024,141,0.05,0.099,0.048542857142857145,0.08889999999999999,True,fixed_equation_evaluation_record
2024-05-21,2024,142,0.0492,0.1013,0.049428571428571426,0.0906,True,fixed_equation_evaluation_record
2024-05-22,2024,143,0.0461,0.0741,0.05037142857142857,0.08914285714285715,True,fixed_equation_evaluation_record
2024-05-23,2024,144,0.0501,0.097,0.050042857142857146,0.0916,True,fixed_equation_evaluation_record
2024-05-24,2024,145,0.0527,0.0923,0.04921428571428572,0.08792857142857144,True,fixed_equation_evaluation_record
2024-05-25,2024,146,0.0518,0.0843,0.04838571428571429,0.08458571428571428,True,fixed_equation_evaluation_record
2024-05-26,2024,147,0.0504,0.0932,0.04802857142857143,0.08704285714285713,True,fixed_equation_evaluation_record
2024-05-27,2024,148,0.0442,0.0733,0.046514285714285716,0.08438571428571429,True,fixed_equation_evaluation_record
2024-05-28,2024,149,0.0434,0.0779,0.04554285714285715,0.08504285714285713,True,fixed_equation_evaluation_record
2024-05-29,2024,150,0.0436,0.0913,0.0455,0.08615714285714286,True,fixed_equation_evaluation_record
2024-05-30,2024,151,0.0395,0.0784,0.045714285714285714,0.08711428571428571,True,fixed_equation_evaluation_record
2024-05-31,2024,152,0.0459,0.0969,0.0467,0.09024285714285714,True,fixed_equation_evaluation_record
2024-06-01,2024,153,0.0515,0.0921,0.04807142857142858,0.09421428571428571,True,fixed_equation_evaluation_record
2024-06-02,2024,154,0.0519,0.0999,0.04857142857142858,0.09445714285714286,True,fixed_equation_evaluation_record
2024-06-03,2024,155,0.0511,0.0952,0.05065714285714285,0.098,True,fixed_equation_evaluation_record
2024-06-04,2024,156,0.053,0.1057,0.05071428571428571,0.09730000000000001,True,fixed_equation_evaluation_record
2024-06-05,2024,157,0.0471,0.093,0.04894285714285714,0.0967,True,fixed_equation_evaluation_record
2024-06-06,2024,158,0.0541,0.1032,0.04865714285714286,0.09545714285714287,True,fixed_equation_evaluation_record
2024-06-07,2024,159,0.0463,0.092,0.04855714285714286,0.09530000000000001,True,fixed_equation_evaluation_record
2024-06-08,2024,160,0.0391,0.0879,0.04901428571428572,0.09307142857142858,True,fixed_equation_evaluation_record
2024-06-09,2024,161,0.0499,0.0912,0.049728571428571434,0.09412857142857142,True,fixed_equation_evaluation_record
2024-06-10,2024,162,0.0504,0.0941,0.04892857142857143,0.09309999999999999,True,fixed_equation_evaluation_record
2024-06-11,2024,163,0.0562,0.0901,0.04894285714285714,0.0940857142857143,True,fixed_equation_evaluation_record
2024-06-12,2024,164,0.0521,0.1004,0.050314285714285714,0.09527142857142858,True,fixed_equation_evaluation_record
2024-06-13,2024,165,0.0485,0.096,0.05045714285714286,0.09347142857142857,True,fixed_equation_evaluation_record
2024-06-14,2024,166,0.0464,0.0989,0.05154285714285715,0.0934857142857143,True,fixed_equation_evaluation_record
2024-06-15,2024,167,0.0487,0.0962,0.05141428571428571,0.09577142857142858,True,fixed_equation_evaluation_record
2024-06-16,2024,168,0.0509,0.0786,0.05221428571428571,0.09321428571428572,True,fixed_equation_evaluation_record
2024-06-17,2024,169,0.058,0.0942,0.05278571428571428,0.09115714285714285,True,fixed_equation_evaluation_record
2024-06-18,2024,170,0.0553,0.1061,0.05335714285714286,0.09152857142857142,True,fixed_equation_evaluation_record
2024-06-19,2024,171,0.0577,0.0825,0.05272857142857142,0.09065714285714287,True,fixed_equation_evaluation_record
2024-06-20,2024,172,0.0525,0.0816,0.05185714285714286,0.09261428571428572,True,fixed_equation_evaluation_record
2024-06-21,2024,173,0.0504,0.1015,0.05064285714285714,0.09392857142857144,True,fixed_equation_evaluation_record
2024-06-22,2024,174,0.0443,0.0901,0.048900000000000006,0.09087142857142858,True,fixed_equation_evaluation_record
2024-06-23,2024,175,0.0448,0.0923,0.04775714285714285,0.09138571428571428,True,fixed_equation_evaluation_record
2024-06-24,2024,176,0.0495,0.1034,0.046200000000000005,0.0914,True,fixed_equation_evaluation_record
2024-06-25,2024,177,0.0431,0.0847,0.0464,0.0900857142857143,True,fixed_equation_evaluation_record
2024-06-26,2024,178,0.0497,0.0861,0.046599999999999996,0.09081428571428571,True,fixed_equation_evaluation_record
2024-06-27,2024,179,0.0416,0.0817,0.04768571428571428,0.0894857142857143,True,fixed_equation_evaluation_record
2024-06-28,2024,180,0.0518,0.0923,0.047714285714285716,0.08762857142857142,True,fixed_equation_evaluation_record
2024-06-29,2024,181,0.0457,0.0952,0.04834285714285714,0.08814285714285715,True,fixed_equation_evaluation_record
2024-06-30,2024,182,0.0524,0.083,0.04832857142857143,0.08911428571428572,True,fixed_equation_evaluation_record
2024-07-01,2024,183,0.0497,0.0904,0.04921428571428571,0.0909857142857143,True,fixed_equation_evaluation_record
2024-07-02,2024,184,0.0475,0.0883,0.049485714285714286,0.08995714285714285,True,fixed_equation_evaluation_record
2024-07-03,2024,185,0.0496,0.0929,0.04995714285714286,0.09055714285714286,True,fixed_equation_evaluation_record
2024-07-04,2024,186,0.0478,0.0948,0.04927142857142857,0.09165714285714285,True,fixed_equation_evaluation_record
2024-07-05,2024,187,0.0537,0.0851,0.05064285714285714,0.09252857142857143,True,fixed_equation_evaluation_record
2024-07-06,2024,188,0.049,0.0994,0.052242857142857146,0.09441428571428571,True,fixed_equation_evaluation_record
2024-07-07,2024,189,0.0476,0.0907,0.05271428571428572,0.09627142857142856,True,fixed_equation_evaluation_record
2024-07-08,2024,190,0.0593,0.0965,0.05338571428571429,0.09615714285714286,True,fixed_equation_evaluation_record
2024-07-09,2024,191,0.0587,0.1015,0.05318571428571428,0.09662857142857144,True,fixed_equation_evaluation_record
2024-07-10,2024,192,0.0529,0.1059,0.055200000000000006,0.09774285714285715,True,fixed_equation_evaluation_record
2024-07-11,2024,193,0.0525,0.094,0.05622857142857142,0.09922857142857143,True,fixed_equation_evaluation_record
2024-07-12,2024,194,0.0523,0.0884,0.05678571428571429,0.10075714285714286,True,fixed_equation_evaluation_record
2024-07-13,2024,195,0.0631,0.1072,0.056671428571428574,0.10217142857142858,True,fixed_equation_evaluation_record
2024-07-14,2024,196,0.0548,0.1011,0.05685714285714285,0.1003142857142857,True,fixed_equation_evaluation_record
2024-07-15,2024,197,0.0632,0.1072,0.05682857142857143,0.0994,True,fixed_equation_evaluation_record
2024-07-16,2024,198,0.0579,0.1114,0.056528571428571435,0.09907142857142856,True,fixed_equation_evaluation_record
2024-07-17,2024,199,0.0542,0.0929,0.054728571428571425,0.09717142857142856,True,fixed_equation_evaluation_record
2024-07-18,2024,200,0.0523,0.0876,0.053885714285714294,0.09368571428571429,True,fixed_equation_evaluation_record
2024-07-19,2024,201,0.0502,0.0861,0.05052857142857143,0.09075714285714286,True,fixed_equation_evaluation_record
2024-07-20,2024,202,0.0505,0.0939,0.04877142857142857,0.08952857142857143,True,fixed_equation_evaluation_record
2024-07-21,2024,203,0.0489,0.0767,0.04861428571428572,0.09178571428571429,True,fixed_equation_evaluation_record
2024-07-22,2024,204,0.0397,0.0867,0.04812857142857143,0.0937,True,fixed_equation_evaluation_record
2024-07-23,2024,205,0.0456,0.1028,0.0481,0.09452857142857143,True,fixed_equation_evaluation_record
2024-07-24,2024,206,0.0531,0.1087,0.04838571428571429,0.09617142857142857,True,fixed_equation_evaluation_record
2024-07-25,2024,207,0.0489,0.101,0.04884285714285714,0.09775714285714285,True,fixed_equation_evaluation_record
2024-07-26,2024,208,0.05,0.0919,0.05052857142857143,0.10004285714285713,True,fixed_equation_evaluation_record
2024-07-27,2024,209,0.0525,0.1054,0.05155714285714286,0.10048571428571428,True,fixed_equation_evaluation_record
2024-07-28,2024,210,0.0521,0.0878,0.05109999999999999,0.09822857142857143,True,fixed_equation_evaluation_record
2024-07-29,2024,211,0.0515,0.1027,0.051514285714285714,0.09848571428571429,True,fixed_equation_evaluation_record
2024-07-30,2024,212,0.0528,0.1059,0.052642857142857144,0.09924285714285715,True,fixed_equation_evaluation_record
2024-07-31,2024,213,0.0499,0.0929,0.052014285714285714,0.09677142857142858,True,fixed_equation_evaluation_record
2024-08-01,2024,214,0.0518,0.1028,0.05267142857142858,0.09812857142857143,True,fixed_equation_evaluation_record
2024-08-02,2024,215,0.0579,0.0972,0.05322857142857144,0.09805714285714286,True,fixed_equation_evaluation_record
2024-08-03,2024,216,0.0481,0.0881,0.05348571428571429,0.09781428571428573,True,fixed_equation_evaluation_record
2024-08-04,2024,217,0.0567,0.0973,0.05338571428571429,0.09915714285714286,True,fixed_equation_evaluation_record
2024-08-05,2024,218,0.0554,0.1022,0.053728571428571424,0.09892857142857141,True,fixed_equation_evaluation_record
2024-08-06,2024,219,0.0546,0.1042,0.053771428571428574,0.10084285714285714,True,fixed_equation_evaluation_record
2024-08-07,2024,220,0.0492,0.1023,0.05447142857142857,0.10292857142857144,True,fixed_equation_evaluation_record
2024-08-08,2024,221,0.0542,0.1012,0.05411428571428571,0.10288571428571427,True,fixed_equation_evaluation_record
2024-08-09,2024,222,0.0582,0.1106,0.05488571428571428,0.10242857142857144,True,fixed_equation_evaluation_record
2024-08-10,2024,223,0.053,0.1027,0.05625714285714285,0.10364285714285713,True,fixed_equation_evaluation_record
2024-08-11,2024,224,0.0542,0.097,0.057928571428571426,0.1051,True,fixed_equation_evaluation_record
2024-08-12,2024,225,0.0608,0.099,0.05841428571428571,0.10552857142857143,True,fixed_equation_evaluation_record
2024-08-13,2024,226,0.0642,0.1127,0.05848571428571429,0.10381428571428572,True,fixed_equation_evaluation_record
2024-08-14,2024,227,0.0609,0.1125,0.058699999999999995,0.10445714285714285,True,fixed_equation_evaluation_record
2024-08-15,2024,228,0.0576,0.1042,0.05832857142857143,0.10568571428571429,True,fixed_equation_evaluation_record
2024-08-16,2024,229,0.0587,0.0986,0.05628571428571428,0.10531428571428572,True,fixed_equation_evaluation_record
2024-08-17,2024,230,0.0545,0.1072,0.05374285714285714,0.102,True,fixed_equation_evaluation_record
2024-08-18,2024,231,0.0516,0.1056,0.05165714285714285,0.09927142857142857,True,fixed_equation_evaluation_record
2024-08-19,2024,232,0.0465,0.0964,0.05171428571428571,0.09747142857142857,True,fixed_equation_evaluation_record
2024-08-20,2024,233,0.0464,0.0895,0.05218571428571428,0.09755714285714286,True,fixed_equation_evaluation_record
2024-08-21,2024,234,0.0463,0.0934,0.053157142857142854,0.09724285714285716,True,fixed_equation_evaluation_record
2024-08-22,2024,235,0.058,0.0916,0.05392857142857143,0.09707142857142857,True,fixed_equation_evaluation_record
2024-08-23,2024,236,0.062,0.0992,0.05494285714285715,0.09622857142857143,True,fixed_equation_evaluation_record
2024-08-24,2024,237,0.0613,0.105,0.05525714285714286,0.0977857142857143,True,fixed_equation_evaluation_record
2024-08-25,2024,238,0.057,0.1044,0.05564285714285715,0.09674285714285714,True,fixed_equation_evaluation_record
2024-08-26,2024,239,0.0536,0.0905,0.05335714285714287,0.09697142857142857,True,fixed_equation_evaluation_record
2024-08-27,2024,240,0.0486,0.1004,0.05188571428571429,0.096,True,fixed_equation_evaluation_record
2024-08-28,2024,241,0.049,0.0861,0.050314285714285714,0.09259999999999999,True,fixed_equation_evaluation_record
2024-08-29,2024,242,0.042,0.0932,0.05001428571428572,0.09327142857142857,True,fixed_equation_evaluation_record
2024-08-30,2024,243,0.0517,0.0924,0.04974285714285714,0.0934,True,fixed_equation_evaluation_record
2024-08-31,2024,244,0.0503,0.0812,0.05048571428571429,0.09265714285714285,True,fixed_equation_evaluation_record
2024-09-01,2024,245,0.0549,0.1091,0.05115714285714286,0.09405714285714285,True,fixed_equation_evaluation_record
2024-09-02,2024,246,0.0517,0.0914,0.05317142857142858,0.09521428571428572,True,fixed_equation_evaluation_record
2024-09-03,2024,247,0.0538,0.0952,0.05128571428571428,0.09684285714285713,True,fixed_equation_evaluation_record
2024-09-04,2024,248,0.0537,0.0959,0.0502,0.09818571428571429,True,fixed_equation_evaluation_record
2024-09-05,2024,249,0.0561,0.1013,0.04858571428571428,0.09471428571428572,True,fixed_equation_evaluation_record
2024-09-06,2024,250,0.0385,0.1038,0.04837142857142857,0.09462857142857144,True,fixed_equation_evaluation_record
2024-09-07,2024,251,0.0427,0.0906,0.0478,0.09574285714285714,True,fixed_equation_evaluation_record
2024-09-08,2024,252,0.0436,0.0848,0.0472,0.09491428571428571,True,fixed_equation_evaluation_record
2024-09-09,2024,253,0.0502,0.0908,0.04592857142857143,0.09508571428571429,True,fixed_equation_evaluation_record
2024-09-10,2024,254,0.0498,0.103,0.04787142857142857,0.0937,True,fixed_equation_evaluation_record
2024-09-11,2024,255,0.0495,0.0901,0.049257142857142854,0.09354285714285715,True,fixed_equation_evaluation_record
2024-09-12,2024,256,0.0472,0.1025,0.050485714285714293,0.09445714285714286,True,fixed_equation_evaluation_record
2024-09-13,2024,257,0.0521,0.0941,0.05155714285714286,0.09434285714285714,True,fixed_equation_evaluation_record
2024-09-14,2024,258,0.0524,0.0895,0.05138571428571429,0.09109999999999999,True,fixed_equation_evaluation_record
2024-09-15,2024,259,0.0522,0.0912,0.051757142857142856,0.09065714285714287,True,fixed_equation_evaluation_record
2024-09-16,2024,260,0.0577,0.09,0.05274285714285714,0.09168571428571427,True,fixed_equation_evaluation_record
2024-09-17,2024,261,0.0486,0.0803,0.05318571428571429,0.0913,True,fixed_equation_evaluation_record
2024-09-18,2024,262,0.0521,0.087,0.05275714285714286,0.09271428571428572,True,fixed_equation_evaluation_record
2024-09-19,2024,263,0.0541,0.1097,0.05407142857142857,0.09337142857142858,True,fixed_equation_evaluation_record
2024-09-20,2024,264,0.0552,0.0914,0.054328571428571434,0.09365714285714286,True,fixed_equation_evaluation_record
2024-09-21,2024,265,0.0494,0.0994,0.05497142857142857,0.09770000000000001,True,fixed_equation_evaluation_record
2024-09-22,2024,266,0.0614,0.0958,0.05582857142857143,0.09955714285714286,True,fixed_equation_evaluation_record
2024-09-23,2024,267,0.0595,0.092,0.055785714285714286,0.09874285714285715,True,fixed_equation_evaluation_record
2024-09-24,2024,268,0.0531,0.1086,0.05597142857142857,0.10117142857142856,True,fixed_equation_evaluation_record
2024-09-25,2024,269,0.0581,0.1,0.05745714285714286,0.10184285714285714,True,fixed_equation_evaluation_record
2024-09-26,2024,270,0.0538,0.104,0.057114285714285715,0.10305714285714285,True,fixed_equation_evaluation_record
2024-09-27,2024,271,0.0565,0.1084,0.057985714285714286,0.10427142857142857,True,fixed_equation_evaluation_record
2024-09-28,2024,272,0.0598,0.1041,0.0576,0.10211428571428571,True,fixed_equation_evaluation_record
2024-09-29,2024,273,0.059,0.1043,0.05757142857142857,0.09985714285714285,True,fixed_equation_evaluation_record
2024-09-30,2024,274,0.0656,0.1005,0.05655714285714286,0.09955714285714286,True,fixed_equation_evaluation_record
2024-10-01,2024,275,0.0504,0.0935,0.05602857142857143,0.09807142857142859,True,fixed_equation_evaluation_record
2024-10-02,2024,276,0.0579,0.0842,0.0559,0.09802857142857144,True,fixed_equation_evaluation_record
2024-10-03,2024,277,0.0467,0.1019,0.056842857142857146,0.09917142857142858,True,fixed_equation_evaluation_record
2024-10-04,2024,278,0.0528,0.098,0.05635714285714286,0.09802857142857144,True,fixed_equation_evaluation_record
2024-10-05,2024,279,0.0589,0.1038,0.05704285714285714,0.09667142857142856,True,fixed_equation_evaluation_record
2024-10-06,2024,280,0.0656,0.1123,0.05585714285714286,0.09797142857142858,True,fixed_equation_evaluation_record
2024-10-07,2024,281,0.0622,0.0925,0.057414285714285716,0.09754285714285715,True,fixed_equation_evaluation_record
2024-10-08,2024,282,0.0552,0.084,0.05958571428571429,0.10071428571428571,True,fixed_equation_evaluation_record
2024-10-09,2024,283,0.0496,0.0933,0.06027142857142858,0.10147142857142856,True,fixed_equation_evaluation_record
2024-10-10,2024,284,0.0576,0.0989,0.05902857142857143,0.09868571428571428,True,fixed_equation_evaluation_record
2024-10-11,2024,285,0.068,0.1202,0.05882857142857143,0.10022857142857143,True,fixed_equation_evaluation_record
2024-10-12,2024,286,0.0637,0.1091,0.06024285714285715,0.10297142857142857,True,fixed_equation_evaluation_record
2024-10-13,2024,287,0.0569,0.0928,0.061642857142857145,0.10282857142857142,True,fixed_equation_evaluation_record
2024-10-14,2024,288,0.0608,0.1033,0.06104285714285714,0.10284285714285714,True,fixed_equation_evaluation_record
2024-10-15,2024,289,0.0651,0.1032,0.0571,0.0985,True,fixed_equation_evaluation_record
2024-10-16,2024,290,0.0594,0.0923,0.05344285714285714,0.09580000000000001,True,fixed_equation_evaluation_record
2024-10-17,2024,291,0.0534,0.099,0.051228571428571436,0.09565714285714287,True,fixed_equation_evaluation_record
2024-10-18,2024,292,0.0404,0.0898,0.04818571428571428,0.09245714285714286,True,fixed_equation_evaluation_record
2024-10-19,2024,293,0.0381,0.0902,0.04545714285714286,0.0899857142857143,True,fixed_equation_evaluation_record
2024-10-20,2024,294,0.0414,0.0918,0.04327142857142857,0.09015714285714285,True,fixed_equation_evaluation_record
2024-10-21,2024,295,0.0395,0.0809,0.0404,0.0876,True,fixed_equation_evaluation_record
2024-10-22,2024,296,0.046,0.0859,0.039271428571428575,0.08592857142857144,True,fixed_equation_evaluation_record
2024-10-23,2024,297,0.0441,0.0935,0.04025714285714286,0.08660000000000001,True,fixed_equation_evaluation_record
2024-10-24,2024,298,0.0333,0.0811,0.04047142857142857,0.08577142857142857,True,fixed_equation_evaluation_record
2024-10-25,2024,299,0.0325,0.0781,0.04127142857142857,0.08772857142857142,True,fixed_equation_evaluation_record
2024-10-26,2024,300,0.045,0.0949,0.04144285714285715,0.08917142857142857,True,fixed_equation_evaluation_record
2024-10-27,2024,301,0.0429,0.086,0.04282857142857143,0.08864285714285715,True,fixed_equation_evaluation_record
2024-10-28,2024,302,0.0451,0.0946,0.04475714285714286,0.0880857142857143,True,fixed_equation_evaluation_record
2024-10-29,2024,303,0.0472,0.096,0.04657142857142856,0.08868571428571428,True,fixed_equation_evaluation_record
2024-10-30,2024,304,0.0538,0.0898,0.0473,0.0873,True,fixed_equation_evaluation_record
2024-10-31,2024,305,0.0468,0.0772,0.04741428571428572,0.08832857142857144,True,fixed_equation_evaluation_record
2024-11-01,2024,306,0.0452,0.0823,0.04752857142857143,0.08865714285714286,True,fixed_equation_evaluation_record
2024-11-02,2024,307,0.0501,0.0852,0.04791428571428572,0.08887142857142859,True,fixed_equation_evaluation_record
2024-11-03,2024,308,0.0437,0.0932,0.04691428571428572,0.08819999999999999,True,fixed_equation_evaluation_record
2024-11-04,2024,309,0.0459,0.0969,0.04688571428571429,0.08815714285714285,True,fixed_equation_evaluation_record
2024-11-05,2024,310,0.0499,0.0975,0.04648571428571429,0.0881,True,fixed_equation_evaluation_record
2024-11-06,2024,311,0.0468,0.0851,0.04635714285714286,0.08794285714285714,True,fixed_equation_evaluation_record
2024-11-07,2024,312,0.0466,0.0769,0.04618571428571428,0.08568571428571428,True,fixed_equation_evaluation_record
2024-11-08,2024,313,0.0424,0.0819,0.04605714285714286,0.08318571428571428,True,fixed_equation_evaluation_record
2024-11-09,2024,314,0.0492,0.0841,0.045771428571428574,0.08115714285714286,True,fixed_equation_evaluation_record
2024-11-10,2024,315,0.0425,0.0774,0.04625714285714285,0.08324285714285715,True,fixed_equation_evaluation_record
2024-11-11,2024,316,0.045,0.0794,0.04648571428571429,0.0841,True,fixed_equation_evaluation_record
2024-11-12,2024,317,0.0479,0.0833,0.04672857142857143,0.08527142857142857,True,fixed_equation_evaluation_record
2024-11-13,2024,318,0.0502,0.0997,0.04618571428571428,0.0839142857142857,True,fixed_equation_evaluation_record
2024-11-14,2024,319,0.0482,0.0829,0.046285714285714284,0.0841,True,fixed_equation_evaluation_record
2024-11-15,2024,320,0.0441,0.0901,0.046285714285714284,0.08637142857142857,True,fixed_equation_evaluation_record
2024-11-16,2024,321,0.0454,0.0746,0.046000000000000006,0.08527142857142857,True,fixed_equation_evaluation_record
2024-11-17,2024,322,0.0432,0.0787,0.04404285714285715,0.0823,True,fixed_equation_evaluation_record
2024-11-18,2024,323,0.045,0.0953,0.04342857142857143,0.08398571428571429,True,fixed_equation_evaluation_record
2024-11-19,2024,324,0.0459,0.0756,0.04398571428571429,0.08307142857142857,True,fixed_equation_evaluation_record
2024-11-20,2024,325,0.0365,0.0789,0.04302857142857143,0.08495714285714286,True,fixed_equation_evaluation_record
2024-11-21,2024,326,0.0439,0.0947,0.04321428571428571,0.08625714285714285,True,fixed_equation_evaluation_record
2024-11-22,2024,327,0.048,0.0837,0.04247142857142857,0.08487142857142857,True,fixed_equation_evaluation_record
2024-11-23,2024,328,0.0387,0.0878,0.04209999999999999,0.08571428571428572,True,fixed_equation_evaluation_record
2024-11-24,2024,329,0.0445,0.0878,0.043057142857142856,0.08617142857142857,True,fixed_equation_evaluation_record
2024-11-25,2024,330,0.0398,0.0856,0.0428,0.08414285714285714,True,fixed_equation_evaluation_record
2024-11-26,2024,331,0.0433,0.0815,0.042057142857142855,0.08285714285714285,True,fixed_equation_evaluation_record
2024-11-27,2024,332,0.0432,0.0821,0.04365714285714285,0.08312857142857143,True,fixed_equation_evaluation_record
2024-11-28,2024,333,0.0421,0.0805,0.04358571428571429,0.08097142857142857,True,fixed_equation_evaluation_record
2024-11-29,2024,334,0.0428,0.0747,0.04422857142857143,0.08158571428571429,True,fixed_equation_evaluation_record
2024-11-30,2024,335,0.0499,0.0897,0.04487142857142857,0.08320000000000001,True,fixed_equation_evaluation_record
2024-12-01,2024,336,0.044,0.0727,0.045585714285714285,0.08341428571428573,True,fixed_equation_evaluation_record
2024-12-02,2024,337,0.0443,0.0899,0.046328571428571434,0.08464285714285714,True,fixed_equation_evaluation_record
2024-12-03,2024,338,0.0478,0.0928,0.04704285714285715,0.08744285714285714,True,fixed_equation_evaluation_record
2024-12-04,2024,339,0.0482,0.0836,0.04517142857142858,0.08374285714285715,True,fixed_equation_evaluation_record
2024-12-05,2024,340,0.0473,0.0891,0.04494285714285714,0.08415714285714286,True,fixed_equation_evaluation_record
2024-12-06,2024,341,0.0478,0.0943,0.04384285714285714,0.0836,True,fixed_equation_evaluation_record
2024-12-07,2024,342,0.0368,0.0638,0.042542857142857146,0.08108571428571429,True,fixed_equation_evaluation_record
2024-12-08,2024,343,0.0424,0.0756,0.041057142857142855,0.08081428571428571,True,fixed_equation_evaluation_record
2024-12-09,2024,344,0.0366,0.086,0.040557142857142854,0.08009999999999999,True,fixed_equation_evaluation_record
2024-12-10,2024,345,0.0387,0.0752,0.039214285714285715,0.07774285714285714,True,fixed_equation_evaluation_record
2024-12-11,2024,346,0.0378,0.0817,0.039714285714285716,0.07784285714285713,True,fixed_equation_evaluation_record
2024-12-12,2024,347,0.0438,0.0841,0.0404,0.07777142857142857,True,fixed_equation_evaluation_record
2024-12-13,2024,348,0.0384,0.0778,0.0419,0.07842857142857142,True,fixed_equation_evaluation_record
2024-12-14,2024,349,0.0403,0.0645,0.04252857142857142,0.07862857142857142,True,fixed_equation_evaluation_record
2024-12-15,2024,350,0.0472,0.0751,0.04385714285714286,0.07925714285714285,True,fixed_equation_evaluation_record
2024-12-16,2024,351,0.0471,0.0906,0.04404285714285714,0.07851428571428572,True,fixed_equation_evaluation_record
2024-12-17,2024,352,0.0431,0.0766,0.045099999999999994,0.08052857142857142,True,fixed_equation_evaluation_record
2024-12-18,2024,353,0.0471,0.0861,0.04622857142857143,0.08134285714285715,True,fixed_equation_evaluation_record
2024-12-19,2024,354,0.0451,0.0789,0.04460000000000001,0.08192857142857143,True,fixed_equation_evaluation_record
2024-12-20,2024,355,0.0458,0.0919,0.042557142857142856,0.07815714285714284,True,fixed_equation_evaluation_record
2024-12-21,2024,356,0.0482,0.0702,0.04062857142857144,0.07648571428571428,True,fixed_equation_evaluation_record
2024-12-22,2024,357,0.0358,0.0792,0.039428571428571424,0.07601428571428571,True,fixed_equation_evaluation_record
2024-12-23,2024,358,0.0328,0.0642,0.039128571428571436,0.07730000000000001,True,fixed_equation_evaluation_record
2024-12-24,2024,359,0.0296,0.0649,0.03877142857142857,0.07362857142857142,True,fixed_equation_evaluation_record
2024-12-25,2024,360,0.0387,0.0828,0.03735714285714285,0.07327142857142856,True,fixed_equation_evaluation_record
2024-12-26,2024,361,0.043,0.0879,0.03805714285714285,0.07268571428571427,True,fixed_equation_evaluation_record
2024-12-27,2024,362,0.0433,0.0662,0.0392,0.07609999999999999,True,fixed_equation_evaluation_record
2024-12-28,2024,363,0.0383,0.0677,0.04084285714285714,0.07669999999999999,True,fixed_equation_evaluation_record
2024-12-29,2024,364,0.0407,0.0751,0.041199999999999994,0.07568333333333332,True,fixed_equation_evaluation_record
2024-12-30,2024,365,0.0408,0.0881,0.04084,0.07324,True,fixed_equation_evaluation_record
2024-12-31,2024,366,0.0411,0.0691,0.040225,0.07499999999999998,True,fixed_equation_evaluation_record
