train_count,test_count,category,model,mae,rmse,r2
8000,2000,Analytical control,Mixed-B-only regression fit,0.0553480707442845,0.1075635903271663,0.9846901954210594
8000,2000,经典回归,Linear Regression,0.2962529755749163,0.3701731372018661,0.8186786823110925
8000,2000,经典回归,Polynomial Regression (deg=5),0.070965666450593,0.1319377683939527,0.9769655771248246
8000,2000,经典回归,SVR (RBF),0.058695616244555,0.1142154949236589,0.9827380792146548
8000,2000,经典回归,Random Forest,0.0625013799853676,0.1215791030114128,0.980440536551736
8000,2000,经典回归,"Spline Regression (B-spline, 10 knots)",0.0572699004985158,0.111100308340154,0.9836668633413426
8000,2000,经典回归,Nystroem RBF + Ridge (Kriging approx),0.0568352945958917,0.110769149294414,0.9837640872801376
8000,2000,经典回归,Nystroem RBF(1024) + Ridge,0.056835294511687,0.1107691492812399,0.9837640872839996
8000,2000,经典回归,"KNN (k=25, distance)",0.0650690718338462,0.12889542549034,0.9780156273891236
8000,2000,经典回归,Decision Tree (max_depth=18),0.0640590497028088,0.1252737825614026,0.9792336844466012
8000,2000,经典回归,ExtraTrees,0.065122429424489,0.1289101175463735,0.9780106153564428
8000,2000,经典回归,ElasticNet,0.2963393118197812,0.3701492074431813,0.818702124504459
8000,2000,经典回归,KernelRidge (RBF),0.0568776368768503,0.1109312107458314,0.9837165444326046
8000,2000,经典回归,HistGradientBoosting,0.0566125539758453,0.1087306844343188,0.9843561619645972
8000,2000,经典回归,GradientBoosting,0.0568774416733171,0.1099854809475306,0.9839930059397664
8000,2000,经典回归,AdaBoost (Tree base),0.0584324835076929,0.1142173565829859,0.982737516487544
8000,2000,经典回归,Bagging (Tree base),0.0600754772503311,0.1159305282003719,0.9822157851468936
8000,2000,经典回归,BayesianRidge,0.2962552153815745,0.3701724884461776,0.818679317868465
8000,2000,经典回归,HuberRegressor,0.2728194334663624,0.402389014501129,0.7857448357511223
8000,2000,经典回归,Lasso,0.2963576948030106,0.3701444171868629,0.8187068169779619
8000,2000,经典回归,LinearSVR,0.2677226494302174,0.433538406487479,0.7512894423501222
8000,2000,经典回归,NuSVR (RBF),0.0571688236432632,0.1143394202177232,0.9827006000769148
8000,2000,经典回归,"SVR (poly, deg=3)",0.6108432438785689,0.7410819364817705,0.2732726203761175
8000,2000,经典回归,SGDRegressor,0.2982345137954645,0.3700133942746843,0.8188351417916192
8000,2000,经典回归,RANSACRegressor,0.2913353028500361,0.5286561315306232,0.630184070037648
8000,2000,经典回归,TheilSenRegressor,0.2832953467206945,0.4874405744664801,0.6856000841014462
8000,2000,经典回归,RadiusNeighbors (radius=1.0),0.2521926491647897,0.3423532036309679,0.8449085487993395
8000,2000,经典回归,"KernelRidge (poly, deg=3)",0.0597818912856231,0.118096217045842,0.9815451279033236
8000,2000,经典回归,"GaussianProcess (RBF, subsample=2k)",0.0556820606286094,0.1081473382567363,0.9845235717997788
8000,2000,经典回归,"GaussianProcess (Matern ν=1.5, subsample=2k)",0.0554162797781603,0.108143280925337,0.9845247330270674
8000,2000,经典回归,"GaussianProcess (RationalQuadratic, subsample=2k)",0.0555385229406607,0.1080460332375523,0.984552552735574
8000,2000,经典回归,VotingRegressor (LR+RF+SVR),0.1162815822743969,0.164369792036507,0.9642494210967776
8000,2000,经典回归,StackingRegressor (RF+SVR -> Ridge),0.0580677319969092,0.1126284079634523,0.9832144738930332
8000,2000,经典回归,VotingRegressor (SVR+HGB+KernelRidge),0.0564840703091863,0.1097343667364837,0.9840660154857196
8000,2000,经典回归,StackingRegressor (SVR+HGB+KernelRidge→Ridge),0.0562344083549033,0.1084155682242817,0.9844467064804416
8000,2000,经典回归,Polynomial Regression (deg=2),0.0822112047215602,0.1337614690345941,0.976324392756583
8000,2000,经典回归,Polynomial Regression (deg=3),0.0597816814379104,0.1180962421259117,0.9815451200648078
8000,2000,经典回归,Polynomial Regression (deg=4),0.0593823499987505,0.1180290163638362,0.9815661248017912
8000,2000,经典回归,Polynomial Regression (deg=6),0.134872449053282,0.1962295097218505,0.949047241047253
8000,2000,经典回归,Polynomial Regression (deg=7),0.2148369848550736,0.2874900553778805,0.890633397629821
8000,2000,经典回归,Polynomial Regression (deg=8),0.2913771522213206,0.3740817018798901,0.8148294153035671
8000,2000,经典回归,Polynomial Regression (deg=9),0.3623639250262579,0.451004648288251,0.7308458358819652
8000,2000,经典回归,Polynomial Regression (deg=10),0.4274735649745469,0.5202512763705187,0.6418496531883611
8000,2000,经典回归,Polynomial Regression (deg=11),0.4894877937215924,0.5811697057834692,0.5530643441332584
8000,2000,经典回归,Polynomial Regression (deg=12),0.5370340109200785,0.6310967830198696,0.4729752631565711
8000,2000,经典回归,"SVR (RBF,C=0.5,gamma=scale,eps=0.01)",0.0576600183301175,0.1216600579347316,0.9804144800667142
8000,2000,经典回归,"SVR (RBF,C=0.5,gamma=scale,eps=0.05)",0.0592226255058163,0.1208051966548228,0.980688753805469
8000,2000,经典回归,"SVR (RBF,C=0.5,gamma=0.001,eps=0.01)",0.2618350386812372,0.3993014854139406,0.7890201793196876
8000,2000,经典回归,"SVR (RBF,C=0.5,gamma=0.001,eps=0.05)",0.263561055753057,0.3907139219140175,0.7979974555778814
8000,2000,经典回归,"SVR (RBF,C=0.5,gamma=0.005,eps=0.01)",0.1018378795601509,0.1741098182081636,0.9598869586307948
8000,2000,经典回归,"SVR (RBF,C=0.5,gamma=0.005,eps=0.05)",0.1094375263541181,0.178339876546105,0.9579141608851832
8000,2000,经典回归,"SVR (RBF,C=0.5,gamma=0.01,eps=0.01)",0.0846746365992314,0.1493441950256065,0.9704868367585175
8000,2000,经典回归,"SVR (RBF,C=0.5,gamma=0.01,eps=0.05)",0.0854719294396147,0.1464767536181241,0.9716092752337738
8000,2000,经典回归,"SVR (RBF,C=1.0,gamma=scale,eps=0.01)",0.0573636264995368,0.1199380690968055,0.9809649872147516
8000,2000,经典回归,"SVR (RBF,C=1.0,gamma=scale,eps=0.05)",0.0595448444533237,0.1191003041125913,0.9812299768553722
8000,2000,经典回归,"SVR (RBF,C=1.0,gamma=0.001,eps=0.01)",0.2501022321823386,0.3906699981005697,0.7980428710230275
8000,2000,经典回归,"SVR (RBF,C=1.0,gamma=0.001,eps=0.05)",0.2508692863800071,0.38455715575651,0.8043135019299813
8000,2000,经典回归,"SVR (RBF,C=1.0,gamma=0.005,eps=0.01)",0.0888935144090735,0.1567241876033455,0.967497922471899
8000,2000,经典回归,"SVR (RBF,C=1.0,gamma=0.005,eps=0.05)",0.0911062956045472,0.1550115095139546,0.9682044048694478
8000,2000,经典回归,"SVR (RBF,C=1.0,gamma=0.01,eps=0.01)",0.0808021575557244,0.1425385396938435,0.9731153939131932
8000,2000,经典回归,"SVR (RBF,C=1.0,gamma=0.01,eps=0.05)",0.0816692332588913,0.1405012837266692,0.9738784073929214
8000,2000,经典回归,"SVR (RBF,C=5.0,gamma=scale,eps=0.01)",0.0568085185782316,0.1160058170876218,0.9821926784027636
8000,2000,经典回归,"SVR (RBF,C=5.0,gamma=scale,eps=0.05)",0.058745698158176,0.1154834371464686,0.9823526918182156
8000,2000,经典回归,"SVR (RBF,C=5.0,gamma=0.001,eps=0.01)",0.1826825282740495,0.2794610251089989,0.8966568814731383
8000,2000,经典回归,"SVR (RBF,C=5.0,gamma=0.001,eps=0.05)",0.1847043316953222,0.2756440766884263,0.899460575248048
8000,2000,经典回归,"SVR (RBF,C=5.0,gamma=0.005,eps=0.01)",0.0800410913360192,0.1405419265577117,0.973863292811768
8000,2000,经典回归,"SVR (RBF,C=5.0,gamma=0.005,eps=0.05)",0.080655223772339,0.1384507897306132,0.9746352876259172
8000,2000,经典回归,"SVR (RBF,C=5.0,gamma=0.01,eps=0.01)",0.0672771837241619,0.1269613085796293,0.9786704424223852
8000,2000,经典回归,"SVR (RBF,C=5.0,gamma=0.01,eps=0.05)",0.0710750453060536,0.1283155296785041,0.9782129961895912
8000,2000,经典回归,"SVR (RBF,C=10.0,gamma=scale,eps=0.01)",0.0565690876224948,0.1143134120124517,0.982708469194533
8000,2000,经典回归,"SVR (RBF,C=10.0,gamma=scale,eps=0.05)",0.058695616244555,0.1142154949236589,0.9827380792146548
8000,2000,经典回归,"SVR (RBF,C=10.0,gamma=0.001,eps=0.01)",0.1083148399952128,0.1792426426936008,0.957487000851288
8000,2000,经典回归,"SVR (RBF,C=10.0,gamma=0.001,eps=0.05)",0.1169356930898396,0.1847133538336574,0.954852297458959
8000,2000,经典回归,"SVR (RBF,C=10.0,gamma=0.005,eps=0.01)",0.0771145613994229,0.1364236281060861,0.9753726173907012
8000,2000,经典回归,"SVR (RBF,C=10.0,gamma=0.005,eps=0.05)",0.0781793574153908,0.1350342793236849,0.975871677490431
8000,2000,经典回归,"SVR (RBF,C=10.0,gamma=0.01,eps=0.01)",0.0620416032393737,0.1222038341946033,0.9802390084766426
8000,2000,经典回归,"SVR (RBF,C=10.0,gamma=0.01,eps=0.05)",0.0664345095894013,0.1238511463658154,0.9797026598970348
8000,2000,经典回归,"SVR (RBF,C=20.0,gamma=scale,eps=0.01)",0.0564194031606229,0.1130368468760954,0.9830925101131393
8000,2000,经典回归,"SVR (RBF,C=20.0,gamma=scale,eps=0.05)",0.058631912266539,0.1127153685602825,0.9831885436165548
8000,2000,经典回归,"SVR (RBF,C=20.0,gamma=0.001,eps=0.01)",0.0899838945193278,0.157897148230957,0.967009595544914
8000,2000,经典回归,"SVR (RBF,C=20.0,gamma=0.001,eps=0.05)",0.0935605161726773,0.1578579981950938,0.9670259532234567
8000,2000,经典回归,"SVR (RBF,C=20.0,gamma=0.005,eps=0.01)",0.0725132738805864,0.1312122041607969,0.9772182265196454
8000,2000,经典回归,"SVR (RBF,C=20.0,gamma=0.005,eps=0.05)",0.0745501497487245,0.1312850945748318,0.977192908232386
8000,2000,经典回归,"SVR (RBF,C=20.0,gamma=0.01,eps=0.01)",0.0605620263187536,0.1202569532372853,0.980863634358825
8000,2000,经典回归,"SVR (RBF,C=20.0,gamma=0.01,eps=0.05)",0.0638325918505651,0.1211747712604184,0.980570416792099
8000,2000,经典回归,"NuSVR (RBF,nu=0.25,C=1.0)",0.0601529281721537,0.1188374580820062,0.9813127336884576
8000,2000,经典回归,"NuSVR (RBF,nu=0.25,C=5.0)",0.059689067869034,0.1155418097481369,0.9823348471876772
8000,2000,经典回归,"NuSVR (RBF,nu=0.25,C=10.0)",0.059760000861376,0.113999381673354,0.9828033418209652
8000,2000,经典回归,"NuSVR (RBF,nu=0.5,C=1.0)",0.0577948437450193,0.1195925107485775,0.9810745142728138
8000,2000,经典回归,"NuSVR (RBF,nu=0.5,C=5.0)",0.0573310557584168,0.1156091775841819,0.9823142414855472
8000,2000,经典回归,"NuSVR (RBF,nu=0.5,C=10.0)",0.0571688236432632,0.1143394202177232,0.9827006000769148
8000,2000,经典回归,"NuSVR (RBF,nu=0.75,C=1.0)",0.0573932575180537,0.1199509597641459,0.980960895316231
8000,2000,经典回归,"NuSVR (RBF,nu=0.75,C=5.0)",0.0568130257797152,0.1159893767096291,0.9821977253626574
8000,2000,经典回归,"NuSVR (RBF,nu=0.75,C=10.0)",0.056579157527702,0.1142704624728548,0.9827214602120904
8000,2000,经典回归,"LinearSVR (C=0.1,eps=0.01)",0.2677661522583113,0.4358543744894421,0.7486251145779675
8000,2000,经典回归,"LinearSVR (C=0.1,eps=0.05)",0.2677560266452997,0.4334461227579471,0.751395312993627
8000,2000,经典回归,"LinearSVR (C=1.0,eps=0.01)",0.2677320947049617,0.4350551688047762,0.7495461380137622
8000,2000,经典回归,"LinearSVR (C=1.0,eps=0.05)",0.2677226494302174,0.433538406487479,0.7512894423501222
8000,2000,经典回归,"LinearSVR (C=10.0,eps=0.01)",0.2678209785049928,0.4375602394380986,0.7466535810498172
8000,2000,经典回归,"LinearSVR (C=10.0,eps=0.05)",0.2677626510154319,0.4335442274736675,0.7512827635857104
8000,2000,经典回归,"RandomForest (n=100,depth=None,leaf=1)",0.0627715648102777,0.1223031297796635,0.980206882211492
8000,2000,经典回归,"RandomForest (n=100,depth=None,leaf=2)",0.0610263145396285,0.1181246953806579,0.981536226222841
8000,2000,经典回归,"RandomForest (n=100,depth=12,leaf=1)",0.0602059856979386,0.116207492818291,0.982130708642622
8000,2000,经典回归,"RandomForest (n=100,depth=12,leaf=2)",0.0595484203553508,0.1147416226202726,0.982578680659349
8000,2000,经典回归,"RandomForest (n=100,depth=24,leaf=1)",0.0627575557885565,0.122266135657308,0.9802188544035472
8000,2000,经典回归,"RandomForest (n=100,depth=24,leaf=2)",0.0610239679014274,0.1181174511771815,0.981538490799818
8000,2000,经典回归,"RandomForest (n=200,depth=None,leaf=1)",0.0625985964654938,0.1220562411302825,0.9802867127740194
8000,2000,经典回归,"RandomForest (n=200,depth=None,leaf=2)",0.0607521202830674,0.1175181697195339,0.9817253484361128
8000,2000,经典回归,"RandomForest (n=200,depth=12,leaf=1)",0.0600754772503311,0.1159305282003718,0.9822157851468936
8000,2000,经典回归,"RandomForest (n=200,depth=12,leaf=2)",0.0593521246132843,0.114271561433651,0.982721127868478
8000,2000,经典回归,"RandomForest (n=200,depth=24,leaf=1)",0.0625814216911119,0.1220016055930996,0.9803043571807354
8000,2000,经典回归,"RandomForest (n=200,depth=24,leaf=2)",0.0607487909961186,0.1175108266848659,0.9817276321205488
8000,2000,经典回归,"RandomForest (n=300,depth=None,leaf=1)",0.0625013799853676,0.1215791030114128,0.980440536551736
8000,2000,经典回归,"RandomForest (n=300,depth=None,leaf=2)",0.0606364548945112,0.1171137971642047,0.9818508958932924
8000,2000,经典回归,"RandomForest (n=300,depth=12,leaf=1)",0.0600572117007893,0.1157217333864591,0.9822797874082854
8000,2000,经典回归,"RandomForest (n=300,depth=12,leaf=2)",0.0592942279387007,0.1139670142307632,0.9828131056077468
8000,2000,经典回归,"RandomForest (n=300,depth=24,leaf=1)",0.0624843456553953,0.1215282961946098,0.9804568805847336
8000,2000,经典回归,"RandomForest (n=300,depth=24,leaf=2)",0.0606332191248002,0.1171067702928388,0.981853073733941
8000,2000,经典回归,"ExtraTrees (n=100,depth=None,leaf=1)",0.0651351383461478,0.1288990239315591,0.9780143998734604
8000,2000,经典回归,"ExtraTrees (n=100,depth=None,leaf=2)",0.0607335362590656,0.1172351865019612,0.9818132530271112
8000,2000,经典回归,"ExtraTrees (n=100,depth=12,leaf=1)",0.0575446133895537,0.1118874536902356,0.9834346030158042
8000,2000,经典回归,"ExtraTrees (n=100,depth=12,leaf=2)",0.056890723996892,0.1101928087389323,0.9839326011909852
8000,2000,经典回归,"ExtraTrees (n=100,depth=24,leaf=1)",0.0650352903546115,0.1288037508108608,0.9780468882906154
8000,2000,经典回归,"ExtraTrees (n=100,depth=24,leaf=2)",0.0607242559459719,0.117219643368524,0.9818180751339294
8000,2000,经典回归,"ExtraTrees (n=200,depth=None,leaf=1)",0.0651306823950173,0.1289290065710824,0.9780041707348928
8000,2000,经典回归,"ExtraTrees (n=200,depth=None,leaf=2)",0.0611404079891209,0.1174172874713729,0.9817567103375806
8000,2000,经典回归,"ExtraTrees (n=200,depth=12,leaf=1)",0.0575279448464578,0.1119489765438529,0.9834163805850116
8000,2000,经典回归,"ExtraTrees (n=200,depth=12,leaf=2)",0.0573666518427135,0.1103076714818601,0.9838990870733292
8000,2000,经典回归,"ExtraTrees (n=200,depth=24,leaf=1)",0.0650358880576733,0.1288022021468142,0.9780474161912428
8000,2000,经典回归,"ExtraTrees (n=200,depth=24,leaf=2)",0.0611447596192072,0.1174115999857784,0.9817584776401038
8000,2000,经典回归,"ExtraTrees (n=300,depth=None,leaf=1)",0.065122429424489,0.1289101175463735,0.9780106153564428
8000,2000,经典回归,"ExtraTrees (n=300,depth=None,leaf=2)",0.0608890705977239,0.1172624249569246,0.9818048010179256
8000,2000,经典回归,"ExtraTrees (n=300,depth=12,leaf=1)",0.0574483662227808,0.1117051624811511,0.9834885369685477
8000,2000,经典回归,"ExtraTrees (n=300,depth=12,leaf=2)",0.0571130806872933,0.110293914175595,0.9839031029568032
8000,2000,经典回归,"ExtraTrees (n=300,depth=24,leaf=1)",0.0650276080658452,0.1287759049867392,0.9780563792628209
8000,2000,经典回归,"ExtraTrees (n=300,depth=24,leaf=2)",0.0608951107070997,0.117242935941149,0.9818108485997036
8000,2000,经典回归,"HistGradientBoosting (depth=4,lr=0.05,iter=200)",0.056438110044094,0.1084806164435543,0.9844280372510528
8000,2000,经典回归,"HistGradientBoosting (depth=4,lr=0.05,iter=300)",0.0565186231885001,0.1086040345087061,0.9843925847467416
8000,2000,经典回归,"HistGradientBoosting (depth=4,lr=0.1,iter=200)",0.0565874494851214,0.1086729763038139,0.984372763296229
8000,2000,经典回归,"HistGradientBoosting (depth=4,lr=0.1,iter=300)",0.0566052466361158,0.1087027010136229,0.9843642132662208
8000,2000,经典回归,"HistGradientBoosting (depth=6,lr=0.05,iter=200)",0.0565633158328649,0.1086400520593461,0.9843822309125352
8000,2000,经典回归,"HistGradientBoosting (depth=6,lr=0.05,iter=300)",0.0565936636222685,0.1087002510936046,0.9843649180508286
8000,2000,经典回归,"HistGradientBoosting (depth=6,lr=0.1,iter=200)",0.0566033698691647,0.1087202789168935,0.9843591560493122
8000,2000,经典回归,"HistGradientBoosting (depth=6,lr=0.1,iter=300)",0.0566125539758453,0.1087306844343188,0.9843561619645972
8000,2000,经典回归,"HistGradientBoosting (depth=8,lr=0.05,iter=200)",0.0565829828700448,0.10869091468058,0.9843676037725682
8000,2000,经典回归,"HistGradientBoosting (depth=8,lr=0.05,iter=300)",0.0566061195031449,0.1087205540829033,0.9843590768767032
8000,2000,经典回归,"HistGradientBoosting (depth=8,lr=0.1,iter=200)",0.0566126071622588,0.1087293433240742,0.9843565478718908
8000,2000,经典回归,"HistGradientBoosting (depth=8,lr=0.1,iter=300)",0.0566156903322726,0.1087336541931738,0.9843553073933008
8000,2000,经典回归,"KernelRidge (RBF,alpha=0.01,gamma=0.5)",0.0581602850093951,0.1145663594973113,0.982631860714807
8000,2000,经典回归,"KernelRidge (RBF,alpha=0.01,gamma=1.0)",0.0568776368768503,0.1109312107458314,0.9837165444326046
8000,2000,经典回归,"KernelRidge (RBF,alpha=0.01,gamma=2.0)",0.0560188145397148,0.108588070716398,0.9843971727019694
8000,2000,经典回归,"KernelRidge (RBF,alpha=0.005,gamma=0.5)",0.0578782118860625,0.11368349766471,0.9828985111665456
8000,2000,经典回归,"KernelRidge (RBF,alpha=0.005,gamma=1.0)",0.0566961743043641,0.110216834791747,0.9839255938687872
8000,2000,经典回归,"KernelRidge (RBF,alpha=0.005,gamma=2.0)",0.0557795175672251,0.1081245954316875,0.9845300803407204
8000,2000,经典回归,"KernelRidge (poly,deg=2,alpha=0.01)",0.0822110014093432,0.1337614692055918,0.9763243926960504
8000,2000,经典回归,"KernelRidge (poly,deg=2,alpha=0.005)",0.0822111029802199,0.1337614691087851,0.9763243927303196
8000,2000,经典回归,"KernelRidge (poly,deg=3,alpha=0.01)",0.0597818912856231,0.118096217045842,0.9815451279033236
8000,2000,经典回归,"KernelRidge (poly,deg=3,alpha=0.005)",0.0597817863622555,0.1180962295666464,0.9815451239900762
8000,2000,经典回归,"KernelRidge (poly,deg=4,alpha=0.01)",0.0593825348915169,0.1180289896874482,0.9815661331344736
8000,2000,经典回归,"KernelRidge (poly,deg=4,alpha=0.005)",0.0593824426002931,0.1180290030348284,0.9815661289652632
8000,2000,经典回归,"KNN (k=15,distance)",0.0650846487398668,0.1289046429866341,0.9780124830088188
8000,2000,经典回归,"KNN (k=15,uniform)",0.0571355716528966,0.1101097027895282,0.9839568276884556
8000,2000,经典回归,"KNN (k=25,distance)",0.0650690718338462,0.12889542549034,0.9780156273891236
8000,2000,经典回归,"KNN (k=25,uniform)",0.0570791443143839,0.1093885807166079,0.9841662770229708
8000,2000,经典回归,"KNN (k=35,distance)",0.0650179111932466,0.1288427156641474,0.9780336040631534
8000,2000,经典回归,"KNN (k=35,uniform)",0.0567271489012585,0.1089199701049456,0.9843016468683808
8000,2000,经典回归,"DecisionTree (depth=10,leaf=1)",0.0592468004538981,0.1161607173205728,0.9821450911364854
8000,2000,经典回归,"DecisionTree (depth=10,leaf=2)",0.0590336753651378,0.1141105136309315,0.9827697972565403
8000,2000,经典回归,"DecisionTree (depth=14,leaf=1)",0.0630190910019885,0.1238572813830168,0.9797006489731392
8000,2000,经典回归,"DecisionTree (depth=14,leaf=2)",0.0621498051037737,0.1202804442625524,0.9808561574231032
8000,2000,经典回归,"DecisionTree (depth=18,leaf=1)",0.0640590497028088,0.1252737825614026,0.9792336844466012
8000,2000,经典回归,"DecisionTree (depth=18,leaf=2)",0.0628423752034926,0.1218181895879661,0.9803635331335674
8000,2000,经典回归,"DecisionTree (depth=22,leaf=1)",0.0650515362746295,0.1286949307739869,0.978083966857996
8000,2000,经典回归,"DecisionTree (depth=22,leaf=2)",0.0630350036697466,0.1222865991640112,0.9802122323658417
8000,2000,经典回归,RadiusNeighbors (r=0.5),0.089605151536411,0.1724266721141177,0.960658767657368
8000,2000,经典回归,RadiusNeighbors (r=1.0),0.2521926491647897,0.3423532036309679,0.8449085487993395
8000,2000,经典回归,RadiusNeighbors (r=2.0),0.5757013825041881,0.688673638210663,0.3724244937074615
8000,2000,经典回归,"ElasticNet (alpha=0.001,l1=0.1)",0.2963370160131035,0.3701498116203386,0.8187015326559706
8000,2000,经典回归,"ElasticNet (alpha=0.001,l1=0.2)",0.2963393118197812,0.3701492074431813,0.818702124504459
8000,2000,经典回归,"ElasticNet (alpha=0.001,l1=0.5)",0.2963462019934054,0.3701474020975848,0.8187038930049253
8000,2000,经典回归,"ElasticNet (alpha=0.0005,l1=0.1)",0.2962947802254163,0.3701612428933968,0.8186903344642003
8000,2000,经典回归,"ElasticNet (alpha=0.0005,l1=0.2)",0.2962959058437655,0.3701609288931414,0.8186906420666747
8000,2000,经典回归,"ElasticNet (alpha=0.0005,l1=0.5)",0.2962992833740155,0.3701599886750352,0.8186915631261997
8000,2000,经典回归,"Nystroem RBF(n=256,gamma=0.5) + Ridge",0.0580025814382314,0.114364236621523,0.9826930898852048
8000,2000,经典回归,"Nystroem RBF(n=256,gamma=1.0) + Ridge",0.0568352945958917,0.110769149294414,0.9837640872801376
8000,2000,经典回归,"Nystroem RBF(n=512,gamma=0.5) + Ridge",0.0580025815296008,0.1143642366645597,0.9826930898721792
8000,2000,经典回归,"Nystroem RBF(n=512,gamma=1.0) + Ridge",0.0568352945071271,0.1107691492361082,0.98376408729723
8000,2000,经典回归,"Nystroem RBF(n=1024,gamma=0.5) + Ridge",0.0580025815746442,0.1143642365173083,0.9826930899167468
8000,2000,经典回归,"Nystroem RBF(n=1024,gamma=1.0) + Ridge",0.056835294511687,0.1107691492812399,0.9837640872839996
8000,2000,经典回归,"SVR (sigmoid,C=0.5,gamma=0.001,eps=0.01)",0.2864767289920519,0.4021695962073967,0.7859784340027746
8000,2000,经典回归,"SVR (sigmoid,C=0.5,gamma=0.001,eps=0.05)",0.2861280561743919,0.4008049244086542,0.7874284374974472
8000,2000,经典回归,"SVR (sigmoid,C=0.5,gamma=0.005,eps=0.01)",0.2683710824685912,0.4270186385396812,0.758713662990476
8000,2000,经典回归,"SVR (sigmoid,C=0.5,gamma=0.005,eps=0.05)",0.2687707098916585,0.4210584316459184,0.7654022706819241
8000,2000,经典回归,"SVR (sigmoid,C=0.5,gamma=0.01,eps=0.01)",0.2690144596281169,0.435493555811439,0.7490411398202886
8000,2000,经典回归,"SVR (sigmoid,C=0.5,gamma=0.01,eps=0.05)",0.2691145420479729,0.4305773288609152,0.754675238242381
8000,2000,经典回归,"SVR (sigmoid,C=0.5,gamma=0.05,eps=0.01)",0.4256637928022051,1.0002062902477626,-0.3237873608510702
8000,2000,经典回归,"SVR (sigmoid,C=0.5,gamma=0.05,eps=0.05)",0.4260680537413407,0.996385548009096,-0.313693063393496
8000,2000,经典回归,"SVR (sigmoid,C=1.0,gamma=0.001,eps=0.01)",0.2717336972596869,0.416393139578462,0.7705721166843332
8000,2000,经典回归,"SVR (sigmoid,C=1.0,gamma=0.001,eps=0.05)",0.2732215458584099,0.4075585076434254,0.7802044001409246
8000,2000,经典回归,"SVR (sigmoid,C=1.0,gamma=0.005,eps=0.01)",0.2681091810865487,0.4325495259862045,0.7524227422967606
8000,2000,经典回归,"SVR (sigmoid,C=1.0,gamma=0.005,eps=0.05)",0.2681792617132513,0.4281175123874775,0.7574702306131408
8000,2000,经典回归,"SVR (sigmoid,C=1.0,gamma=0.01,eps=0.01)",0.2701996448325161,0.4415283866947109,0.742037647919645
8000,2000,经典回归,"SVR (sigmoid,C=1.0,gamma=0.01,eps=0.05)",0.2702212017127576,0.4376121542322622,0.7465934603795727
8000,2000,经典回归,"SVR (sigmoid,C=1.0,gamma=0.05,eps=0.01)",0.6336464086581909,1.735685848991459,-2.986404025066027
8000,2000,经典回归,"SVR (sigmoid,C=1.0,gamma=0.05,eps=0.05)",0.6308954711462785,1.7161005363870594,-2.89694719874749
8000,2000,经典回归,"SVR (sigmoid,C=5.0,gamma=0.001,eps=0.01)",0.2678217611391761,0.4315338580167995,0.7535840477830111
8000,2000,经典回归,"SVR (sigmoid,C=5.0,gamma=0.001,eps=0.05)",0.2679035820227692,0.4269913032686137,0.7587445535218243
8000,2000,经典回归,"SVR (sigmoid,C=5.0,gamma=0.005,eps=0.01)",0.2693013911982258,0.4402635835212609,0.7435134501203252
8000,2000,经典回归,"SVR (sigmoid,C=5.0,gamma=0.005,eps=0.05)",0.2692792443819652,0.4370717056596478,0.7472189852105637
8000,2000,经典回归,"SVR (sigmoid,C=5.0,gamma=0.01,eps=0.01)",0.2802330167968483,0.4753895862167402,0.7009537263286381
8000,2000,经典回归,"SVR (sigmoid,C=5.0,gamma=0.01,eps=0.05)",0.2802213249994977,0.4724337548776611,0.7046609271796349
8000,2000,经典回归,"SVR (sigmoid,C=10.0,gamma=0.001,eps=0.01)",0.2677601358809222,0.4342943374462322,0.750421367384823
8000,2000,经典回归,"SVR (sigmoid,C=10.0,gamma=0.001,eps=0.05)",0.267778294641211,0.4302147067491556,0.7550882777459818
8000,2000,经典回归,"SVR (sigmoid,C=10.0,gamma=0.005,eps=0.01)",0.2708638960853275,0.4453918863223494,0.7375034077090368
8000,2000,经典回归,"SVR (sigmoid,C=10.0,gamma=0.005,eps=0.05)",0.2708405103576162,0.442446530130849,0.7409636843667546
8000,2000,经典回归,"SVR (sigmoid,C=10.0,gamma=0.01,eps=0.01)",0.2929057426389604,0.5174679529025433,0.6456715821729693
8000,2000,经典回归,"SVR (sigmoid,C=10.0,gamma=0.01,eps=0.05)",0.2928671602577182,0.5145065231652336,0.649715566430792
8000,2000,经典回归,"SVR (sigmoid,C=20.0,gamma=0.001,eps=0.01)",0.2677966445937144,0.4353452735308647,0.7492120099343932
8000,2000,经典回归,"SVR (sigmoid,C=20.0,gamma=0.001,eps=0.05)",0.2677788211499112,0.432278399408487,0.7527330130672234
8000,2000,经典回归,"SVR (sigmoid,C=20.0,gamma=0.005,eps=0.01)",0.2739953385157,0.4554861546062071,0.7254702416100747
8000,2000,经典回归,"SVR (sigmoid,C=20.0,gamma=0.005,eps=0.05)",0.2739708905952046,0.4523925726730529,0.7291866936287238
8000,2000,经典回归,"SVR (sigmoid,C=20.0,gamma=0.01,eps=0.01)",0.3185990215573452,0.6067748309731762,0.512814691609647
8000,2000,经典回归,"SVR (sigmoid,C=20.0,gamma=0.01,eps=0.05)",0.3185205298649109,0.6037598062511427,0.517644247155204
8000,2000,经典回归,"KNN (k=5,uniform,p=1)",0.06081823127399,0.1170587751356143,0.9818679453950516
8000,2000,经典回归,"KNN (k=5,uniform,p=2)",0.06081823127399,0.1170587751356143,0.9818679453950516
8000,2000,经典回归,"KNN (k=5,distance,p=1)",0.0656075127797493,0.1294152476097578,0.9778379483593724
8000,2000,经典回归,"KNN (k=5,distance,p=2)",0.0656075127797493,0.1294152476097578,0.9778379483593724
8000,2000,经典回归,"KNN (k=10,uniform,p=1)",0.058770856601465,0.1131948312187987,0.9830452160603425
8000,2000,经典回归,"KNN (k=10,uniform,p=2)",0.058770856601465,0.1131948312187987,0.9830452160603425
8000,2000,经典回归,"KNN (k=10,distance,p=1)",0.0650649954671461,0.1288329757227452,0.9780369250630446
8000,2000,经典回归,"KNN (k=10,distance,p=2)",0.0650649954671461,0.1288329757227452,0.9780369250630446
8000,2000,经典回归,"KNN (k=20,uniform,p=1)",0.05720752851977,0.1094931065287456,0.9841360028668864
8000,2000,经典回归,"KNN (k=20,uniform,p=2)",0.05720752851977,0.1094931065287456,0.9841360028668864
8000,2000,经典回归,"KNN (k=20,distance,p=1)",0.0650663512052263,0.1288882150950326,0.9780180869268896
8000,2000,经典回归,"KNN (k=20,distance,p=2)",0.0650663512052263,0.1288882150950326,0.9780180869268896
8000,2000,经典回归,"KNN (k=30,uniform,p=1)",0.0567935680271899,0.1095178218845229,0.984128840250037
8000,2000,经典回归,"KNN (k=30,uniform,p=2)",0.0567935680271899,0.1095178218845229,0.984128840250037
8000,2000,经典回归,"KNN (k=30,distance,p=1)",0.0650219626234229,0.1288443251530925,0.9780330552561516
8000,2000,经典回归,"KNN (k=30,distance,p=2)",0.0650219626234229,0.1288443251530925,0.9780330552561516
8000,2000,经典回归,"KNN (k=40,uniform,p=1)",0.0565391682608612,0.1088211921113096,0.9843301071900654
8000,2000,经典回归,"KNN (k=40,uniform,p=2)",0.0565391682608612,0.1088211921113096,0.9843301071900654
8000,2000,经典回归,"KNN (k=40,distance,p=1)",0.0649890940852901,0.1288228057278424,0.9780403924291096
8000,2000,经典回归,"KNN (k=40,distance,p=2)",0.0649890940852901,0.1288228057278424,0.9780403924291096
8000,2000,经典回归,"KNN (k=50,uniform,p=1)",0.056539480356636,0.1095763192334872,0.9841118810244864
8000,2000,经典回归,"KNN (k=50,uniform,p=2)",0.056539480356636,0.1095763192334872,0.9841118810244864
8000,2000,经典回归,"KNN (k=50,distance,p=1)",0.0649994005002852,0.1288525459058631,0.9780302520192584
8000,2000,经典回归,"KNN (k=50,distance,p=2)",0.0649994005002852,0.1288525459058631,0.9780302520192584
8000,2000,经典回归,"RandomForest (n=400,depth=None,leaf=1)",0.0625537549949492,0.1217313967371354,0.9803915042896808
8000,2000,经典回归,"RandomForest (n=400,depth=None,leaf=2)",0.0606605338009009,0.1171752018585261,0.9818318591550677
8000,2000,经典回归,"RandomForest (n=400,depth=None,leaf=4)",0.058965644731814,0.1135836931932436,0.9829285253000708
8000,2000,经典回归,"RandomForest (n=400,depth=8,leaf=1)",0.0571174585144843,0.1101779923286637,0.9839369217119104
8000,2000,经典回归,"RandomForest (n=400,depth=8,leaf=2)",0.056935586300355,0.1097126115353126,0.9840723327897132
8000,2000,经典回归,"RandomForest (n=400,depth=8,leaf=4)",0.0570037601480206,0.1096408148944802,0.9840931723050936
8000,2000,经典回归,"RandomForest (n=400,depth=12,leaf=1)",0.0600846941284829,0.1158146765274276,0.9822513116231356
8000,2000,经典回归,"RandomForest (n=400,depth=12,leaf=2)",0.0593167909807703,0.1140478100827274,0.9827887279926538
8000,2000,经典回归,"RandomForest (n=400,depth=12,leaf=4)",0.0585751066457339,0.1124807998419912,0.9832584424872244
8000,2000,经典回归,"RandomForest (n=400,depth=16,leaf=1)",0.0619435469473681,0.1199512121582768,0.9809608151940986
8000,2000,经典回归,"RandomForest (n=400,depth=16,leaf=2)",0.0603693724893553,0.1164626946585161,0.9820521374023315
8000,2000,经典回归,"RandomForest (n=400,depth=16,leaf=4)",0.0589049179468931,0.1134131559490357,0.9829797498483144
8000,2000,经典回归,"RandomForest (n=400,depth=24,leaf=1)",0.0625350004670415,0.1216770883144118,0.9804089963904444
8000,2000,经典回归,"RandomForest (n=400,depth=24,leaf=2)",0.0606571726404537,0.1171687988563955,0.9818338446855256
8000,2000,经典回归,"RandomForest (n=400,depth=24,leaf=4)",0.0589656130695412,0.113583729488724,0.9829285143897464
8000,2000,经典回归,"RandomForest (n=400,depth=32,leaf=1)",0.0625537549949492,0.1217313967371354,0.9803915042896808
8000,2000,经典回归,"RandomForest (n=400,depth=32,leaf=2)",0.0606605338009009,0.1171752018585261,0.9818318591550677
8000,2000,经典回归,"RandomForest (n=400,depth=32,leaf=4)",0.058965644731814,0.1135836931932435,0.9829285253000708
8000,2000,经典回归,"RandomForest (n=600,depth=None,leaf=1)",0.0625101058847017,0.1216668925366566,0.9804122794596378
8000,2000,经典回归,"RandomForest (n=600,depth=None,leaf=2)",0.0606245015577208,0.1170567603395018,0.981868569561479
8000,2000,经典回归,"RandomForest (n=600,depth=None,leaf=4)",0.0589265241437048,0.1134847859722506,0.9829582435970332
8000,2000,经典回归,"RandomForest (n=600,depth=8,leaf=1)",0.0570941684269579,0.1101755746176581,0.9839376266703912
8000,2000,经典回归,"RandomForest (n=600,depth=8,leaf=2)",0.0569148263450136,0.1096934224078354,0.9840779039141926
8000,2000,经典回归,"RandomForest (n=600,depth=8,leaf=4)",0.056969184661443,0.1096076390573885,0.984102797233254
8000,2000,经典回归,"RandomForest (n=600,depth=12,leaf=1)",0.0600819132954988,0.1158214719099017,0.9822492287668364
8000,2000,经典回归,"RandomForest (n=600,depth=12,leaf=2)",0.0593020647018795,0.113987978206407,0.9828067820451516
8000,2000,经典回归,"RandomForest (n=600,depth=12,leaf=4)",0.0585496730162026,0.1123972910518168,0.9832832920301512
8000,2000,经典回归,"RandomForest (n=600,depth=16,leaf=1)",0.0619371628844807,0.119977438756673,0.9809524886814646
8000,2000,经典回归,"RandomForest (n=600,depth=16,leaf=2)",0.0603589496192343,0.1164078321390312,0.9820690429537522
8000,2000,经典回归,"RandomForest (n=600,depth=16,leaf=4)",0.0588796800202219,0.1133318608281991,0.9830041415050456
8000,2000,经典回归,"RandomForest (n=600,depth=24,leaf=1)",0.0624965684149,0.1216259428425224,0.9804254626052584
8000,2000,经典回归,"RandomForest (n=600,depth=24,leaf=2)",0.0606223616187577,0.1170530317589893,0.9818697246151694
8000,2000,经典回归,"RandomForest (n=600,depth=24,leaf=4)",0.0589265030355229,0.1134848097863345,0.982958236444817
8000,2000,经典回归,"RandomForest (n=600,depth=32,leaf=1)",0.0625101058847016,0.1216668925366566,0.9804122794596378
8000,2000,经典回归,"RandomForest (n=600,depth=32,leaf=2)",0.0606245015577208,0.1170567603395018,0.981868569561479
8000,2000,经典回归,"RandomForest (n=600,depth=32,leaf=4)",0.0589265241437048,0.1134847859722506,0.9829582435970332
8000,2000,经典回归,"ExtraTrees (n=400,depth=None,leaf=1)",0.0651232881314595,0.1289050863807262,0.9780123317473643
8000,2000,经典回归,"ExtraTrees (n=400,depth=None,leaf=2)",0.0608049606563978,0.1171967079795882,0.9818251894487324
8000,2000,经典回归,"ExtraTrees (n=400,depth=None,leaf=4)",0.0576503297413403,0.1107492036397629,0.9837699337952432
8000,2000,经典回归,"ExtraTrees (n=400,depth=8,leaf=1)",0.0562264648231418,0.1082084944475797,0.9845060633335704
8000,2000,经典回归,"ExtraTrees (n=400,depth=8,leaf=2)",0.0568874231119139,0.1088070536373196,0.9843341787128158
8000,2000,经典回归,"ExtraTrees (n=400,depth=8,leaf=4)",0.0567685168378954,0.108675080136424,0.9843721582256856
8000,2000,经典回归,"ExtraTrees (n=400,depth=12,leaf=1)",0.0574547302450446,0.1117272379031604,0.9834820102597954
8000,2000,经典回归,"ExtraTrees (n=400,depth=12,leaf=2)",0.0569701737793139,0.1101553624981258,0.9839435195342368
8000,2000,经典回归,"ExtraTrees (n=400,depth=12,leaf=4)",0.0565269477225664,0.1089192281182132,0.9843018607489036
8000,2000,经典回归,"ExtraTrees (n=400,depth=16,leaf=1)",0.061609359568502,0.1219996887605388,0.9803049760734572
8000,2000,经典回归,"ExtraTrees (n=400,depth=16,leaf=2)",0.0591695937035426,0.1144045038894683,0.9826809003284708
8000,2000,经典回归,NGBoost (Normal),0.0586492661171509,0.1165318508830598,0.9820308159837038
8000,2000,深度回归,MLPRegressor (64x64),0.0590059560647277,0.1192609316739652,0.98117931340522
8000,2000,深度回归,MLPRegressor (256x128),0.0591929245830101,0.1102216438212883,0.9839241911070308
8000,2000,深度回归,MLPRegressor (128x64),0.0585008947410649,0.1191020834681242,0.98122941600384
8000,2000,深度回归,FourierFeatures+Ridge,0.7271768232705037,0.8668704463636691,0.0056312632953414
