pressure,depth,temp_obs,temp_pred
1517.0,1517.0,2.356725,-426.32208
591.0,591.0,3.863625,-164.9122
722.0,722.0,3.4967,-202.10805
1353.0,1353.0,2.534025,-379.78613
1998.0,1998.0,1.9744667,-562.18616
1785.0,1785.0,2.116625,-501.6402
1938.0,1938.0,2.0095334,-545.19336
949.0,949.0,3.079675,-265.73773
171.0,171.0,5.11136,-46.71367
1484.0,1484.0,2.382125,-416.98022
1373.0,1373.0,2.505025,-385.57864
589.0,589.0,3.8,-164.32265
1276.0,1276.0,2.593975,-358.5742
1588.0,1588.0,2.2915,-446.92017
795.0,795.0,3.39455,-222.31407
811.0,811.0,3.34715,-226.69038
1720.0,1720.0,2.161225,-484.04123
1193.0,1193.0,2.7232,-334.73962
1817.0,1817.0,2.11005,-510.8077
1705.0,1705.0,2.1783,-479.88187
1168.0,1168.0,2.73536,-327.82907
2038.0,2038.0,1.9435,-573.84955
669.0,669.0,3.6617,-187.24654
1394.0,1394.0,2.46415,-391.62134
1279.0,1279.0,2.608025,-359.44144
2019.0,2019.0,1.97015,-568.2845
495.0,495.0,3.9873,-137.74995
689.0,689.0,3.60805,-192.76662
1632.0,1632.0,2.2602,-459.24673
1293.0,1293.0,2.57305,-363.37943
2026.0,2026.0,1.954225,-570.34937
230.0,230.0,4.551367,-62.833828
712.0,712.0,3.59274,-199.25195
1596.0,1596.0,2.2776,-449.29807
1338.0,1338.0,2.4873333,-375.61392
1630.0,1630.0,2.2455,-458.73224
187.0,187.0,4.72455,-51.162888
1449.0,1449.0,2.4179332,-407.16827
1426.0,1426.0,2.46355,-400.7548
480.0,480.0,4.0667,-133.91737
957.0,957.0,3.0748,-268.04535
565.0,565.0,3.8429,-157.2698
1511.0,1511.0,2.3551,-424.58688
1075.0,1075.0,2.888725,-301.5223
201.0,201.0,4.61895,-54.866276
566.0,566.0,3.829075,-157.56523
2014.0,2014.0,1.971225,-566.81165
1626.0,1626.0,2.247825,-457.68213
1117.0,1117.0,2.80045,-313.6383
1429.0,1429.0,2.450925,-401.588
709.0,709.0,3.5539,-198.3367
1539.0,1539.0,2.334275,-432.95154
1708.0,1708.0,2.1904,-480.72064
1304.0,1304.0,2.5617,-366.37457
289.0,289.0,4.113867,-79.63985
764.0,764.0,3.458275,-213.93587
1706.0,1706.0,2.19182,-480.16177
546.0,546.0,3.908075,-152.27649
1616.0,1616.0,2.259525,-454.94635
1278.0,1278.0,2.58605,-359.1533
1575.0,1575.0,2.296725,-443.0948
1417.0,1417.0,2.455875,-398.22977
1750.0,1750.0,2.1468666,-492.35815
570.0,570.0,3.871375,-158.73083
673.0,673.0,3.692625,-188.36319
551.0,551.0,3.89735,-153.47792
2057.0,2057.0,1.93106,-579.34106
1437.0,1437.0,2.4373,-403.80798
1561.0,1561.0,2.3105,-439.23715
862.0,862.0,3.2638,-240.87567
244.0,244.0,4.2074,-66.81935
483.0,483.0,4.0458,-134.73592
708.0,708.0,3.555925,-198.03046
897.0,897.0,3.139725,-250.90958
788.0,788.0,3.398725,-220.43216
1902.0,1902.0,2.0417333,-534.5475
514.0,514.0,3.967175,-143.08163
323.0,323.0,4.280175,-88.566605
718.0,718.0,3.55715,-201.00424
710.0,710.0,3.5555,-198.64305
1593.0,1593.0,2.2656,-448.4115
319.0,319.0,4.344625,-87.32496
1521.0,1521.0,2.338125,-427.503
1986.0,1986.0,1.995125,-558.7892
624.0,624.0,3.75195,-174.21501
1627.0,1627.0,2.232225,-457.94754
1311.0,1311.0,2.58835,-368.25848
690.0,690.0,3.5491,-193.02875
613.0,613.0,3.78042,-171.12363
1921.0,1921.0,2.0150666,-540.01483
2055.0,2055.0,1.9544,-578.7649
939.0,939.0,3.122675,-262.85806
203.0,203.0,4.93484,-55.35308
1200.0,1200.0,2.7198,-336.63455
1504.0,1504.0,2.366975,-422.58853
236.0,236.0,4.32625,-64.46488
1547.0,1547.0,2.31605,-435.30502
614.0,614.0,3.77855,-171.3986
1270.0,1270.0,2.61334,-356.814
1157.0,1157.0,2.7898,-325.12894
1275.0,1275.0,2.6107,-358.28314
168.0,168.0,5.0741,-45.96048
414.0,414.0,4.014775,-114.795975
798.0,798.0,3.377225,-223.13054
1189.0,1189.0,2.7321,-333.65518
1899.0,1899.0,2.04525,-533.6892
1324.0,1324.0,2.5433,-371.78928
1758.0,1758.0,2.1528666,-494.43634
1793.0,1793.0,2.112975,-503.94193
1073.0,1073.0,2.9067333,-301.0
324.0,324.0,4.00678,-88.878716
1902.0,1902.0,2.0290334,-534.5475
1897.0,1897.0,2.05955,-533.11554
997.0,997.0,2.9986,-279.63373
336.0,336.0,4.358875,-92.424095
932.0,932.0,3.1324,-260.81943
678.0,678.0,3.5796332,-189.7596
1436.0,1436.0,2.41552,-403.5299
1388.0,1388.0,2.482225,-389.89673
1589.0,1589.0,2.288775,-447.21902
1692.0,1692.0,2.195975,-476.2177
1174.0,1174.0,2.72835,-329.44778
1128.0,1128.0,2.81915,-317.1687
749.0,749.0,3.520275,-209.60144
350.0,350.0,4.2453,-96.50579
1116.0,1116.0,2.7975,-313.31448
2016.0,2016.0,1.9809,-567.39984
1705.0,1705.0,2.1926668,-479.88187
2025.0,2025.0,1.961375,-570.05493
1044.0,1044.0,2.9383,-292.99133
642.0,642.0,3.7304,-179.56218
436.0,436.0,4.07095,-121.47938
1294.0,1294.0,2.5691,-363.65472
590.0,590.0,3.819425,-164.61809
1315.0,1315.0,2.5614667,-369.3378
2038.0,2038.0,1.9424334,-573.84955
481.0,481.0,4.06735,-134.19527
856.0,856.0,3.2821,-239.14407
1351.0,1351.0,2.4904,-379.21622
841.0,841.0,3.3242,-235.0042
706.0,706.0,3.57116,-197.42215
1101.0,1101.0,2.8282666,-308.72778
331.0,331.0,4.003433,-90.97
1812.0,1812.0,2.087425,-509.37433
1840.0,1840.0,2.088375,-517.4293
1785.0,1785.0,2.107825,-501.6402
1461.0,1461.0,2.4104,-410.54642
2051.0,2051.0,1.9557,-577.6087
1175.0,1175.0,2.7669,-329.72757
1012.0,1012.0,2.950725,-283.94235
1368.0,1368.0,2.513875,-384.13083
1848.0,1848.0,2.06925,-519.64453
1985.0,1985.0,1.9918333,-558.50696
437.0,437.0,4.1276,-121.791954
1933.0,1933.0,2.00585,-543.6542
1143.0,1143.0,2.7739,-321.53873
1570.0,1570.0,2.308,-441.68658
270.0,270.0,4.278025,-73.68935
588.0,588.0,3.817,-164.02597
2042.0,2042.0,1.94325,-575.0065
1170.0,1170.0,2.7446,-328.35538
1839.0,1839.0,2.0923667,-517.14844
1266.0,1266.0,2.6198332,-355.62457
1255.0,1255.0,2.610775,-352.33972
1163.0,1163.0,2.77975,-326.57227
1954.0,1954.0,1.9993,-549.9451
1473.0,1473.0,2.3968,-413.90817
954.0,954.0,3.0814333,-267.18344
796.0,796.0,3.432025,-222.58609
1234.0,1234.0,2.67005,-346.25983
479.0,479.0,4.04515,-133.63516
1329.0,1329.0,2.564225,-373.1589
871.0,871.0,3.2291,-243.54454
1886.0,1886.0,2.0492334,-529.9694
1853.0,1853.0,2.0518668,-521.00586
642.0,642.0,3.668,-179.56218
1134.0,1134.0,2.76435,-318.97598
184.0,184.0,4.80984,-50.252567
1515.0,1515.0,2.35854,-425.73984
1118.0,1118.0,2.821,-313.963
516.0,516.0,4.014,-143.71007
1728.0,1728.0,2.156125,-486.2349
1757.0,1757.0,2.144775,-494.1801
1005.0,1005.0,2.9985,-281.96365
1674.0,1674.0,2.2119,-471.06894
1868.0,1868.0,2.053625,-525.03864
770.0,770.0,3.435225,-215.64577
1670.0,1670.0,2.2106333,-469.8745
346.0,346.0,4.0776,-95.36688
1404.0,1404.0,2.462925,-394.50983
840.0,840.0,3.23925,-234.71417
535.0,535.0,3.936025,-149.38739
420.0,420.0,4.0883,-116.405495
1989.0,1989.0,1.981175,-559.63696
1815.0,1815.0,2.096025,-510.2325
1253.0,1253.0,2.596675,-351.7488
1650.0,1650.0,2.238075,-463.9434
1006.0,1006.0,2.981075,-282.25015
674.0,674.0,3.6514332,-188.64195
1171.0,1171.0,2.7852666,-328.62375
1582.0,1582.0,2.298425,-445.13388
1959.0,1959.0,1.9981667,-551.3422
1638.0,1638.0,2.24095,-460.77167
861.0,861.0,3.226675,-240.58092
1040.0,1040.0,2.956175,-291.8293
926.0,926.0,3.0849,-259.02756
277.0,277.0,4.355533,-75.85655
460.0,460.0,4.105675,-128.41458
1778.0,1778.0,2.14055,-499.68542
857.0,857.0,3.262125,-239.42526
1952.0,1952.0,2.00515,-549.37445
1555.0,1555.0,2.3085,-437.59256
254.0,254.0,4.22025,-69.56061
1753.0,1753.0,2.138625,-493.1472
1730.0,1730.0,2.159625,-486.78867
1246.0,1246.0,2.639325,-349.70724
1120.0,1120.0,2.7992,-314.61356
1688.0,1688.0,2.1974,-475.08618
989.0,989.0,3.0424666,-277.22736
885.0,885.0,3.1741333,-247.54279
470.0,470.0,4.077767,-131.0766
1306.0,1306.0,2.580225,-366.9133
1074.0,1074.0,2.8977,-301.26083
901.0,901.0,3.20895,-252.03757
1611.0,1611.0,2.27275,-453.55804
208.0,208.0,4.6808,-56.510796
2007.0,2007.0,1.95865,-564.76917
1939.0,1939.0,1.99745,-545.50006
1183.0,1183.0,2.7263668,-331.99384
1475.0,1475.0,2.3971,-414.46796
1113.0,1113.0,2.8314,-312.35208
457.0,457.0,4.08425,-127.56761
670.0,670.0,3.6416,-187.5262
1449.0,1449.0,2.41545,-407.16827
197.0,197.0,4.63625,-53.872635
1554.0,1554.0,2.302925,-437.31256
1280.0,1280.0,2.6199,-359.72852
833.0,833.0,3.34975,-232.70709
1005.0,1005.0,3.013825,-281.96365
1957.0,1957.0,1.998125,-550.788
554.0,554.0,3.8659,-154.19637
639.0,639.0,3.6858,-178.68526
1555.0,1555.0,2.3093667,-437.59256
255.0,255.0,4.506175,-69.83259
230.0,230.0,4.4485,-62.833828
976.0,976.0,3.0422332,-273.4206
785.0,785.0,3.386225,-219.64894
1851.0,1851.0,2.08655,-520.4631
448.0,448.0,4.1275,-124.94053
1511.0,1511.0,2.343675,-424.58688
774.0,774.0,3.39205,-216.76198
962.0,962.0,3.049475,-269.4724
493.0,493.0,4.003225,-137.24553
1791.0,1791.0,2.1194,-503.36264
1091.0,1091.0,2.85992,-305.8774
331.0,331.0,4.279925,-90.97
196.0,196.0,4.6755,-53.62166
2034.0,2034.0,1.968875,-572.68933
1914.0,1914.0,2.038775,-537.97314
1235.0,1235.0,2.68945,-346.546
1158.0,1158.0,2.7558668,-325.36853
459.0,459.0,4.11235,-128.13727
1659.0,1659.0,2.209975,-466.5377
1985.0,1985.0,1.9887,-558.50696
1263.0,1263.0,2.62742,-354.7274
1668.0,1668.0,2.209775,-469.2688
1234.0,1234.0,2.6781,-346.25983
1865.0,1865.0,2.0762668,-524.23505
181.0,181.0,5.06062,-49.357716
411.0,411.0,4.16185,-113.993835
625.0,625.0,3.75536,-174.50952
1002.0,1002.0,3.036875,-281.09802
220.0,220.0,4.4547,-59.974255
281.0,281.0,4.18312,-77.15611
1676.0,1676.0,2.207525,-471.65622
1544.0,1544.0,2.31824,-434.4276
1027.0,1027.0,2.997125,-288.09683
1715.0,1715.0,2.1716666,-482.66547
1828.0,1828.0,2.08545,-513.9991
399.0,399.0,4.1575,-110.64273
1908.0,1908.0,2.0252,-536.2577
1481.0,1481.0,2.378875,-416.14438
1186.0,1186.0,2.7038,-332.83105
2011.0,2011.0,1.973175,-565.93286
491.0,491.0,4.0099,-136.74854
1253.0,1253.0,2.642125,-351.7488
1506.0,1506.0,2.36495,-423.1578
285.0,285.0,4.170675,-78.413765
485.0,485.0,4.0340333,-135.25626
2014.0,2014.0,1.978875,-566.81165
564.0,564.0,3.8757668,-156.97351
1999.0,1999.0,1.979575,-562.471
715.0,715.0,3.529275,-200.14449
1317.0,1317.0,2.5347,-369.8798
176.0,176.0,4.926225,-47.934982
472.0,472.0,4.032725,-131.63043
1817.0,1817.0,2.1051667,-510.8077
2019.0,2019.0,1.9790666,-568.2845
835.0,835.0,3.2825334,-233.27324
934.0,934.0,3.128,-261.40918
873.0,873.0,3.2198334,-244.12917
1307.0,1307.0,2.56315,-367.18237
1554.0,1554.0,2.3254,-437.31256
1406.0,1406.0,2.48982,-395.08633
1039.0,1039.0,2.9225,-291.53915
1474.0,1474.0,2.3966,-414.1881
2055.0,2055.0,1.950525,-578.7649
1160.0,1160.0,2.755975,-325.8473
914.0,914.0,3.13865,-255.61029
852.0,852.0,3.2255,-238.0502
1469.0,1469.0,2.37875,-412.78827
869.0,869.0,3.2272,-242.95515
424.0,424.0,4.10288,-117.55364
175.0,175.0,5.0809,-47.674507
2012.0,2012.0,1.9642,-566.2253
900.0,900.0,3.18255,-251.75601
1326.0,1326.0,2.560175,-372.33722
1432.0,1432.0,2.4196,-402.4198
609.0,609.0,3.827,-170.02058
877.0,877.0,3.2287,-245.28291
681.0,681.0,3.610975,-190.59856
2067.0,2067.0,1.9280286,-582.1581
502.0,502.0,4.008625,-139.5889
1594.0,1594.0,2.27685,-448.70807
1509.0,1509.0,2.3512,-424.01413
1801.0,1801.0,2.10905,-506.24734
1118.0,1118.0,2.8042,-313.963
230.0,230.0,4.862375,-62.833828
672.0,672.0,3.62995,-188.08441
1685.0,1685.0,2.1866667,-474.2367
1712.0,1712.0,2.1778,-481.83432
365.0,365.0,4.227325,-100.88923
432.0,432.0,4.126,-120.15945
994.0,994.0,3.002725,-278.739
255.0,255.0,4.701375,-69.83259
1876.0,1876.0,2.058675,-527.19354
740.0,740.0,3.52525,-207.00267
840.0,840.0,3.29155,-234.71417
1055.0,1055.0,2.91335,-296.16275
1850.0,1850.0,2.06434,-520.19073
1356.0,1356.0,2.501525,-380.64825
1703.0,1703.0,2.1831,-479.3211
1803.0,1803.0,2.1083333,-506.81747
720.0,720.0,3.54475,-201.56088
1198.0,1198.0,2.6993,-336.0905
446.0,446.0,4.1602,-124.37268
895.0,895.0,3.154875,-250.3457
364.0,364.0,4.25975,-100.58449
1082.0,1082.0,2.84236,-303.38437
456.0,456.0,4.1019335,-127.27649
517.0,517.0,3.977225,-144.02702
543.0,543.0,3.92204,-151.50986
1543.0,1543.0,2.32605,-434.1338
505.0,505.0,3.94195,-140.41559
1251.0,1251.0,2.6457667,-351.16144
490.0,490.0,4.0475335,-136.50182
1493.0,1493.0,2.3664,-419.4868
511.0,511.0,4.0279,-142.16014
1395.0,1395.0,2.48265,-391.90958
473.0,473.0,4.08546,-131.91241
1395.0,1395.0,2.48012,-391.90958
2056.0,2056.0,1.950825,-579.05316
688.0,688.0,3.59846,-192.50305
299.0,299.0,4.29918,-82.53596
656.0,656.0,3.715875,-183.58109
520.0,520.0,3.93365,-144.9815
1826.0,1826.0,2.0757,-513.418
972.0,972.0,3.0743334,-272.2962
1092.0,1092.0,2.8613334,-306.15964
1142.0,1142.0,2.7823,-321.26144
1647.0,1647.0,2.22255,-463.12268
264.0,264.0,4.483667,-72.17268
908.0,908.0,3.162575,-253.98055
1873.0,1873.0,2.0501,-526.3812
825.0,825.0,3.28875,-230.49556
1395.0,1395.0,2.4619,-391.90958
989.0,989.0,2.99976,-277.22736
1152.0,1152.0,2.7555,-323.90945
1854.0,1854.0,2.079575,-521.2764
2059.0,2059.0,1.932,-579.91437
1755.0,1755.0,2.1235,-493.66568
1031.0,1031.0,2.91745,-289.23285
2048.0,2048.0,1.94545,-576.7409
1992.0,1992.0,1.976675,-560.4851
1749.0,1749.0,2.1428,-492.0915
1909.0,1909.0,2.0365667,-536.5426
1688.0,1688.0,2.20675,-475.08618
1113.0,1113.0,2.81712,-312.35208
1189.0,1189.0,2.72835,-333.65518
223.0,223.0,4.619867,-60.831898
1500.0,1500.0,2.35995,-421.45422
722.0,722.0,3.490525,-202.10805
966.0,966.0,3.04232,-270.60696
2060.0,2060.0,1.9372857,-580.19965
1171.0,1171.0,2.75428,-328.62375
982.0,982.0,3.06408,-275.13864
1070.0,1070.0,2.86974,-300.2187
1042.0,1042.0,2.90955,-292.41016
1031.0,1031.0,2.96714,-289.23285
246.0,246.0,4.300925,-67.37575
220.0,220.0,4.5703,-59.974255
1065.0,1065.0,2.8836,-298.9057
186.0,186.0,4.83092,-50.860134
1767.0,1767.0,2.1169,-496.7484
204.0,204.0,4.656575,-55.59045
277.0,277.0,4.345825,-75.85655
992.0,992.0,3.039375,-278.13617
864.0,864.0,3.2334,-241.46904
1410.0,1410.0,2.475175,-396.2353
628.0,628.0,3.7365668,-175.40482
1088.0,1088.0,2.845875,-305.03574
1405.0,1405.0,2.4611,-394.79822
1565.0,1565.0,2.294375,-440.3182
1197.0,1197.0,2.692675,-335.81964
824.0,824.0,3.32225,-230.22316
810.0,810.0,3.37726,-226.41563
1104.0,1104.0,2.8108,-309.6013
852.0,852.0,3.307825,-238.0502
607.0,607.0,3.8096666,-169.4656
1610.0,1610.0,2.2615,-453.28018
487.0,487.0,4.00165,-135.76044
2057.0,2057.0,1.93535,-579.34106
1510.0,1510.0,2.3441668,-424.3003
1934.0,1934.0,2.0163333,-543.96234
390.0,390.0,4.03625,-108.11991
1458.0,1458.0,2.417975,-409.70346
1287.0,1287.0,2.5848,-361.71204
1762.0,1762.0,2.1524,-495.45947
1714.0,1714.0,2.176,-482.38885
1043.0,1043.0,2.916075,-292.70068
1424.0,1424.0,2.4483666,-400.1975
432.0,432.0,4.110067,-120.15945
286.0,286.0,4.1897335,-78.722664
242.0,242.0,4.28815,-66.242615
1695.0,1695.0,2.192075,-477.06613
1599.0,1599.0,2.284225,-450.17325
907.0,907.0,3.196675,-253.70668
454.0,454.0,3.99715,-126.68758
2020.0,2020.0,1.9611,-568.57965
926.0,926.0,3.1113,-259.02756
1307.0,1307.0,2.5824,-367.18237
1714.0,1714.0,2.17945,-482.38885
1167.0,1167.0,2.792775,-327.57126
1900.0,1900.0,2.034725,-533.9756
1273.0,1273.0,2.6126,-357.69818
1795.0,1795.0,2.130175,-504.52127
824.0,824.0,3.3195667,-230.22316
1730.0,1730.0,2.14782,-486.78867
1833.0,1833.0,2.098975,-515.44324
1401.0,1401.0,2.45225,-393.6431
935.0,935.0,3.1236,-261.7017
1743.0,1743.0,2.1453,-490.44943
496.0,496.0,4.02605,-138.00552
1335.0,1335.0,2.5744,-374.79694
641.0,641.0,3.7233,-179.27054
1335.0,1335.0,2.510475,-374.79694
572.0,572.0,3.83545,-159.30608
1247.0,1247.0,2.6616333,-349.99664
1497.0,1497.0,2.38678,-420.6082
334.0,334.0,4.2389665,-91.83828
1005.0,1005.0,3.009425,-281.96365
1430.0,1430.0,2.4265,-401.86536
1009.0,1009.0,2.972325,-283.10233
1578.0,1578.0,2.2885,-443.96027
506.0,506.0,3.9371,-140.69733
1093.0,1093.0,2.869475,-306.4426
1173.0,1173.0,2.7663,-329.17026
1002.0,1002.0,3.03154,-281.09802
681.0,681.0,3.6114333,-190.59856
1623.0,1623.0,2.2532,-456.87466
707.0,707.0,3.54995,-197.7253
2018.0,2018.0,1.956725,-567.9893
976.0,976.0,3.0616,-273.4206
322.0,322.0,4.12264,-88.25347
1499.0,1499.0,2.3475666,-421.17175
1134.0,1134.0,2.813575,-318.97598
284.0,284.0,4.24678,-78.10302
560.0,560.0,3.927575,-155.80002
1123.0,1123.0,2.7969,-315.58557
1636.0,1636.0,2.2393334,-460.26382
1502.0,1502.0,2.354625,-422.02057
380.0,380.0,4.013425,-105.28239
794.0,794.0,3.3561,-222.04231
820.0,820.0,3.36305,-229.13855
1259.0,1259.0,2.640075,-353.53036
1037.0,1037.0,2.9267333,-290.95975
2046.0,2046.0,1.9515,-576.16254
508.0,508.0,4.0263,-141.27122
492.0,492.0,4.0084,-136.99629
856.0,856.0,3.28235,-239.14407
1044.0,1044.0,2.9335666,-292.99133
920.0,920.0,3.1105332,-257.27493
1235.0,1235.0,2.6564,-346.546
788.0,788.0,3.36675,-220.43216
1649.0,1649.0,2.23455,-463.66748
1650.0,1650.0,2.219625,-463.9434
1461.0,1461.0,2.40745,-410.54642
995.0,995.0,3.03395,-279.03867
1038.0,1038.0,2.955075,-291.2493
1563.0,1563.0,2.308625,-439.77753
186.0,186.0,5.0803666,-50.860134
604.0,604.0,3.7322333,-168.62816
616.0,616.0,3.78355,-171.94913
328.0,328.0,4.312525,-90.09483
1793.0,1793.0,2.131125,-503.94193
1229.0,1229.0,2.6649666,-344.83258
1166.0,1166.0,2.773075,-327.31696
355.0,355.0,4.2793,-97.932686
1801.0,1801.0,2.1117,-506.24734
215.0,215.0,4.5961666,-58.428406
725.0,725.0,3.48965,-202.91837
1696.0,1696.0,2.195025,-477.34882
1760.0,1760.0,2.14084,-494.94778
596.0,596.0,3.79155,-166.36238
1812.0,1812.0,2.099325,-509.37433
819.0,819.0,3.3107,-228.86801
1991.0,1991.0,1.9772,-560.2023
1476.0,1476.0,2.400575,-414.74774
507.0,507.0,4.036675,-140.98247
981.0,981.0,3.0390334,-274.84787
1383.0,1383.0,2.503825,-388.4616
1976.0,1976.0,1.981225,-555.9854
1261.0,1261.0,2.60908,-354.12857
1398.0,1398.0,2.468675,-392.77582
1085.0,1085.0,2.89755,-304.2039
1085.0,1085.0,2.8518,-304.2039
1138.0,1138.0,2.805625,-320.13312
1876.0,1876.0,2.0387,-527.19354
1952.0,1952.0,2.019875,-549.37445
983.0,983.0,3.002925,-275.4316
551.0,551.0,3.922,-153.47792
552.0,552.0,3.878275,-153.71397
193.0,193.0,4.4215,-52.85292
1897.0,1897.0,2.0193,-533.11554
1562.0,1562.0,2.3180332,-439.50745
464.0,464.0,4.1164,-129.48282
392.0,392.0,4.196475,-108.67308
1420.0,1420.0,2.43038,-399.07666
1003.0,1003.0,2.976,-281.38757
713.0,713.0,3.518025,-199.55283
217.0,217.0,4.734825,-59.065453
455.0,455.0,4.09386,-126.98267
1300.0,1300.0,2.5799,-365.29303
1624.0,1624.0,2.2454,-457.1456
855.0,855.0,3.22798,-238.86626
1893.0,1893.0,2.033225,-531.9669
1595.0,1595.0,2.274375,-449.0036
1088.0,1088.0,2.85916,-305.03574
1607.0,1607.0,2.2722332,-452.44452
2056.0,2056.0,1.935025,-579.05316
858.0,858.0,3.261525,-239.70984
1228.0,1228.0,2.671675,-344.54785
2017.0,2017.0,1.9541,-567.6945
1248.0,1248.0,2.6591666,-350.2867
174.0,174.0,4.843525,-47.42458
1012.0,1012.0,2.991,-283.94235
1212.0,1212.0,2.706975,-339.99234
838.0,838.0,3.304175,-234.13448
1572.0,1572.0,2.31115,-442.24454
512.0,512.0,3.948575,-142.46396
899.0,899.0,3.1781,-251.47401
1765.0,1765.0,2.140575,-496.23038
1366.0,1366.0,2.504175,-383.55054
2005.0,2005.0,1.970175,-564.19104
1652.0,1652.0,2.238025,-464.5027
1056.0,1056.0,2.9184,-296.44507
799.0,799.0,3.385125,-223.40282
1642.0,1642.0,2.2474,-461.799
437.0,437.0,4.13884,-121.791954
725.0,725.0,3.51,-202.91837
757.0,757.0,3.453725,-211.9293
1139.0,1139.0,2.777,-320.41788
230.0,230.0,4.5463,-62.833828
1048.0,1048.0,2.9367,-294.15277
1013.0,1013.0,2.9705,-284.2198
506.0,506.0,4.0214,-140.69733
825.0,825.0,3.3088667,-230.49556
1175.0,1175.0,2.755325,-329.72757
1028.0,1028.0,2.935375,-288.3794
589.0,589.0,3.866925,-164.32265
661.0,661.0,3.65952,-184.99533
744.0,744.0,3.44915,-208.14569
1187.0,1187.0,2.7135,-333.10715
647.0,647.0,3.66946,-181.01125
250.0,250.0,4.364375,-68.46842
704.0,704.0,3.6053667,-196.82538
1832.0,1832.0,2.07865,-515.1558
923.0,923.0,3.13205,-258.14078
673.0,673.0,3.631275,-188.36319
202.0,202.0,4.62666,-55.11132
1603.0,1603.0,2.29585,-451.3194
366.0,366.0,4.25038,-101.19493
1390.0,1390.0,2.468675,-390.47086
580.0,580.0,3.8046,-161.6359
372.0,372.0,4.28245,-102.98871
996.0,996.0,2.9803667,-279.3369
658.0,658.0,3.6596334,-184.14732
1986.0,1986.0,1.9939,-558.7892
608.0,608.0,3.785475,-169.74342
1141.0,1141.0,2.8137,-320.98218
1827.0,1827.0,2.102475,-513.7086
783.0,783.0,3.39005,-219.1333
445.0,445.0,4.138775,-124.09121
1027.0,1027.0,2.943875,-288.09683
2040.0,2040.0,1.9434,-574.42816
1042.0,1042.0,2.904525,-292.41016
393.0,393.0,4.18958,-108.95188
315.0,315.0,4.2619,-86.18059
1169.0,1169.0,2.7199333,-328.09042
455.0,455.0,3.970175,-126.98267
758.0,758.0,3.46105,-212.2173
772.0,772.0,3.408975,-216.20805
315.0,315.0,4.3054,-86.18059
838.0,838.0,3.313875,-234.13448
1996.0,1996.0,1.9658333,-561.6179
599.0,599.0,3.7875,-167.21841
276.0,276.0,4.2765,-75.52984
1137.0,1137.0,2.765225,-319.84668
1254.0,1254.0,2.627875,-352.04385
1214.0,1214.0,2.68115,-340.56296
1411.0,1411.0,2.4488332,-396.5216
1861.0,1861.0,2.04785,-523.1619
1735.0,1735.0,2.1564333,-488.1905
1599.0,1599.0,2.283225,-450.17325
1332.0,1332.0,2.51265,-373.97903
987.0,987.0,3.0448,-276.62305
707.0,707.0,3.5381668,-197.7253
841.0,841.0,3.2655,-235.0042
600.0,600.0,3.83205,-167.50189
827.0,827.0,3.2629,-231.0424
639.0,639.0,3.6717334,-178.68526
1541.0,1541.0,2.320875,-433.5442
176.0,176.0,4.941867,-47.934982
247.0,247.0,4.5262,-67.64978
1679.0,1679.0,2.19265,-472.5256
369.0,369.0,3.9915,-102.10646
1889.0,1889.0,2.05238,-530.8219
1603.0,1603.0,2.262225,-451.3194
2061.0,2061.0,1.9519,-580.4838
1359.0,1359.0,2.491125,-381.5167
732.0,732.0,3.459125,-204.79893
599.0,599.0,3.8611,-167.21841
1553.0,1553.0,2.3328667,-437.03067
1296.0,1296.0,2.586175,-364.20334
1871.0,1871.0,2.07595,-525.84314
1052.0,1052.0,2.8954,-295.30728
1037.0,1037.0,2.925625,-290.95975
575.0,575.0,3.851425,-160.16998
1899.0,1899.0,2.037725,-533.6892
1985.0,1985.0,1.9854,-558.50696
1977.0,1977.0,1.9780333,-556.2629
295.0,295.0,4.43115,-81.42063
1176.0,1176.0,2.74015,-330.0093
1092.0,1092.0,2.8449,-306.15964
930.0,930.0,3.13425,-260.22394
951.0,951.0,3.10075,-266.31696
279.0,279.0,4.35558,-76.510315
1234.0,1234.0,2.6596,-346.25983
1120.0,1120.0,2.813,-314.61356
1906.0,1906.0,2.028975,-535.6881
2013.0,2013.0,1.9555,-566.51825
999.0,999.0,2.9869332,-280.22314
494.0,494.0,3.9993,-137.49669
461.0,461.0,4.098467,-128.68701
1905.0,1905.0,2.025875,-535.40326
1979.0,1979.0,1.98905,-556.8201
1797.0,1797.0,2.10958,-505.09915
2036.0,2036.0,1.93545,-573.2701
463.0,463.0,4.081567,-129.22002
1006.0,1006.0,3.021625,-282.25015
1456.0,1456.0,2.4139,-409.14062
1947.0,1947.0,2.0058,-547.91547
966.0,966.0,3.0665,-270.60696
1172.0,1172.0,2.736525,-328.89548
1859.0,1859.0,2.06002,-522.6244
914.0,914.0,3.1486666,-255.61029
1639.0,1639.0,2.242975,-461.02664
1664.0,1664.0,2.226275,-468.0495
874.0,874.0,3.219575,-244.4195
761.0,761.0,3.4304333,-213.0779
1112.0,1112.0,2.8369668,-312.03546
1597.0,1597.0,2.2726,-449.59116
2036.0,2036.0,1.94108,-573.2701
289.0,289.0,4.1856,-79.63985
1588.0,1588.0,2.2954,-446.92017
2042.0,2042.0,1.9482,-575.0065
296.0,296.0,4.318725,-81.70724
1402.0,1402.0,2.4691,-393.93216
627.0,627.0,3.701125,-175.10486
1865.0,1865.0,2.0464,-524.23505
725.0,725.0,3.4839,-202.91837
575.0,575.0,3.8361,-160.16998
1681.0,1681.0,2.2181,-473.09903
1134.0,1134.0,2.791425,-318.97598
876.0,876.0,3.2169,-244.99637
1331.0,1331.0,2.5343,-373.70587
982.0,982.0,3.05124,-275.13864
954.0,954.0,3.0431,-267.18344
1313.0,1313.0,2.6082,-368.7975
932.0,932.0,3.124875,-260.81943
1340.0,1340.0,2.5387,-376.1594
296.0,296.0,4.0123,-81.70724
1265.0,1265.0,2.6203,-355.32584
881.0,881.0,3.17865,-246.41872
1228.0,1228.0,2.64765,-344.54785
1299.0,1299.0,2.559125,-365.02148
898.0,898.0,3.19175,-251.19182
1104.0,1104.0,2.8465667,-309.6013
1363.0,1363.0,2.515775,-382.67896
433.0,433.0,4.124075,-120.49714
635.0,635.0,3.7193334,-177.50452
1644.0,1644.0,2.24935,-462.32233
435.0,435.0,4.1428666,-121.158775
910.0,910.0,3.1687667,-254.52513
438.0,438.0,4.133633,-122.096375
317.0,317.0,4.254,-86.73354
755.0,755.0,3.4921,-211.3511
425.0,425.0,4.145175,-117.85747
1971.0,1971.0,2.001825,-554.611
1356.0,1356.0,2.519675,-380.64825
1670.0,1670.0,2.2279334,-469.8745
1196.0,1196.0,2.707625,-335.54932
2003.0,2003.0,1.9654334,-563.6154
1048.0,1048.0,2.884,-294.15277
239.0,239.0,4.2226,-65.34271
1800.0,1800.0,2.117225,-505.96133
1696.0,1696.0,2.1848,-477.34882
1173.0,1173.0,2.736175,-329.17026
263.0,263.0,4.4763,-71.9259
410.0,410.0,4.1268334,-113.72302
1401.0,1401.0,2.45495,-393.6431
491.0,491.0,4.02945,-136.74854
1940.0,1940.0,2.0012,-545.8061
1155.0,1155.0,2.788825,-324.64685
210.0,210.0,4.5985665,-56.99638
1705.0,1705.0,2.18645,-479.88187
1778.0,1778.0,2.12005,-499.68542
1798.0,1798.0,2.11374,-505.38724
447.0,447.0,4.105125,-124.655716
1552.0,1552.0,2.3213,-436.74686
1786.0,1786.0,2.127725,-501.92474
871.0,871.0,3.2005,-243.54454
384.0,384.0,4.1680665,-106.45067
1749.0,1749.0,2.134425,-492.0915
951.0,951.0,3.0912,-266.31696
1588.0,1588.0,2.2755334,-446.92017
1992.0,1992.0,1.99264,-560.4851
1395.0,1395.0,2.478275,-391.90958
1304.0,1304.0,2.5771666,-366.37457
623.0,623.0,3.7412,-173.92308
383.0,383.0,4.17715,-106.16203
352.0,352.0,4.239675,-97.07391
886.0,886.0,3.136075,-247.82278
172.0,172.0,5.015625,-46.948498
1073.0,1073.0,2.89846,-301.0
209.0,209.0,4.55175,-56.748375
1293.0,1293.0,2.55045,-363.37943
1823.0,1823.0,2.1046333,-512.54553
180.0,180.0,4.85705,-49.064114
654.0,654.0,3.696425,-183.0137
708.0,708.0,3.57214,-198.03046
1417.0,1417.0,2.442825,-398.22977
1095.0,1095.0,2.8384,-307.0102
1789.0,1789.0,2.1093333,-502.785
1774.0,1774.0,2.131575,-498.59863
503.0,503.0,3.9295,-139.86157
997.0,997.0,3.035375,-279.63373
1066.0,1066.0,2.902675,-299.17047
1736.0,1736.0,2.1389,-488.4733
1890.0,1890.0,2.06065,-531.1074
1275.0,1275.0,2.6378667,-358.28314
1041.0,1041.0,2.9080334,-292.11963
1307.0,1307.0,2.578825,-367.18237
2043.0,2043.0,1.9417334,-575.2954
503.0,503.0,3.983025,-139.86157
1783.0,1783.0,2.115975,-501.07492
338.0,338.0,3.9895,-93.01622
913.0,913.0,3.134875,-255.33856
1251.0,1251.0,2.611475,-351.16144
576.0,576.0,3.8182,-160.46005
1247.0,1247.0,2.632275,-349.99664
1114.0,1114.0,2.8195667,-312.671
425.0,425.0,4.166075,-117.85747
1531.0,1531.0,2.349325,-430.53937
1964.0,1964.0,1.986775,-552.7089
317.0,317.0,4.3343334,-86.73354
2059.0,2059.0,1.9259624,-579.91437
1743.0,1743.0,2.154025,-490.44943
735.0,735.0,3.506925,-205.61377
1614.0,1614.0,2.245375,-454.3911
1048.0,1048.0,2.9658,-294.15277
899.0,899.0,3.1634,-251.47401
1527.0,1527.0,2.3425,-429.3167
1550.0,1550.0,2.320275,-436.17426
1390.0,1390.0,2.4682,-390.47086
1348.0,1348.0,2.517525,-378.36978
1329.0,1329.0,2.53965,-373.1589
208.0,208.0,4.8624,-56.510796
1113.0,1113.0,2.8291,-312.35208
501.0,501.0,4.018425,-139.31886
1060.0,1060.0,2.9103,-297.5571
1654.0,1654.0,2.221975,-465.07196
868.0,868.0,3.2405,-242.65897
341.0,341.0,4.1971335,-93.907425
1420.0,1420.0,2.4446332,-399.07666
1678.0,1678.0,2.20935,-472.23718
198.0,198.0,4.47592,-54.12227
254.0,254.0,4.2811,-69.56061
240.0,240.0,4.6777,-65.64452
377.0,377.0,4.21355,-104.41054
1040.0,1040.0,2.9472,-291.8293
566.0,566.0,3.861425,-157.56523
1413.0,1413.0,2.441325,-397.0929
409.0,409.0,4.065525,-113.45012
1976.0,1976.0,1.984925,-555.9854
1596.0,1596.0,2.2780666,-449.29807
184.0,184.0,4.8515,-50.252567
1795.0,1795.0,2.0911,-504.52127
2004.0,2004.0,1.982375,-563.9029
1150.0,1150.0,2.7779,-323.40424
2035.0,2035.0,1.9653,-572.9799
1708.0,1708.0,2.171325,-480.72064
1515.0,1515.0,2.369175,-425.73984
1769.0,1769.0,2.129975,-497.2707
1580.0,1580.0,2.2862,-444.54465
1447.0,1447.0,2.4183,-406.6054
1401.0,1401.0,2.4514,-393.6431
2060.0,2060.0,1.9361666,-580.19965
392.0,392.0,4.13615,-108.67308
661.0,661.0,3.6637,-184.99533
1888.0,1888.0,2.0452,-530.5369
795.0,795.0,3.36055,-222.31407
379.0,379.0,4.046,-104.98934
800.0,800.0,3.41615,-223.67522
591.0,591.0,3.8063667,-164.9122
1451.0,1451.0,2.3961,-407.73166
315.0,315.0,4.13315,-86.18059
1855.0,1855.0,2.083925,-521.54663
1495.0,1495.0,2.367875,-420.04657
710.0,710.0,3.564,-198.64305
1844.0,1844.0,2.0606,-518.5434
1300.0,1300.0,2.5801,-365.29303
2045.0,2045.0,1.943675,-575.8734
2033.0,2033.0,1.9448333,-572.3985
1899.0,1899.0,2.0221,-533.6892
1151.0,1151.0,2.758675,-323.6584
1417.0,1417.0,2.438175,-398.22977
1979.0,1979.0,1.97425,-556.8201
1136.0,1136.0,2.805175,-319.55838
1299.0,1299.0,2.5632,-365.02148
1587.0,1587.0,2.277675,-446.62137
1932.0,1932.0,2.02335,-543.34644
973.0,973.0,3.0082,-272.57687
1180.0,1180.0,2.73575,-331.14505
2007.0,2007.0,1.972675,-564.76917
368.0,368.0,4.070475,-101.804756
2043.0,2043.0,1.9394,-575.2954
1354.0,1354.0,2.4901,-380.07263
1259.0,1259.0,2.6345,-353.53036
1218.0,1218.0,2.668175,-341.70383
863.0,863.0,3.25005,-241.17189
960.0,960.0,3.06345,-268.90283
1798.0,1798.0,2.1243,-505.38724
1898.0,1898.0,2.044325,-533.40247
691.0,691.0,3.6193,-193.28993
949.0,949.0,3.066025,-265.73773
1211.0,1211.0,2.670125,-339.7074
646.0,646.0,3.66295,-180.72266
738.0,738.0,3.4684,-206.44173
1225.0,1225.0,2.6766,-343.69452
1541.0,1541.0,2.3313,-433.5442
1352.0,1352.0,2.55366,-379.50064
1070.0,1070.0,2.8587,-300.2187
900.0,900.0,3.1198,-251.75601
519.0,519.0,3.996575,-144.66339
1987.0,1987.0,1.98385,-559.0718
261.0,261.0,4.20466,-71.42172
1403.0,1403.0,2.4452,-394.22107
183.0,183.0,4.852125,-49.95157
1502.0,1502.0,2.34665,-422.02057
1016.0,1016.0,2.9781334,-285.04672
1623.0,1623.0,2.2457,-456.87466
850.0,850.0,3.248375,-237.5141
903.0,903.0,3.160275,-252.59848
405.0,405.0,4.1506333,-112.33906
1933.0,1933.0,2.01365,-543.6542
528.0,528.0,3.9157667,-147.43883
891.0,891.0,3.19015,-249.22206
1411.0,1411.0,2.46555,-396.5216
956.0,956.0,3.068325,-267.75858
398.0,398.0,4.181475,-110.35984
1874.0,1874.0,2.04504,-526.6512
1292.0,1292.0,2.5986,-363.1034
704.0,704.0,3.557075,-196.82538
1256.0,1256.0,2.6093,-352.63638
1758.0,1758.0,2.1609,-494.43634
353.0,353.0,4.26795,-97.35912
318.0,318.0,4.209767,-87.025246
1135.0,1135.0,2.8066332,-319.26825
591.0,591.0,3.80125,-164.9122
507.0,507.0,3.89975,-140.98247
1054.0,1054.0,2.9443,-295.8789
246.0,246.0,4.30925,-67.37575
1911.0,1911.0,2.02505,-537.1131
2005.0,2005.0,1.95325,-564.19104
1910.0,1910.0,2.025775,-536.8277
1612.0,1612.0,2.246775,-453.83575
237.0,237.0,4.604825,-64.75045
1287.0,1287.0,2.579575,-361.71204
1110.0,1110.0,2.8597,-311.41006
1033.0,1033.0,2.9626667,-289.80597
391.0,391.0,4.170425,-108.39578
1946.0,1946.0,2.01156,-547.61835
452.0,452.0,4.10492,-126.09859
1896.0,1896.0,2.0393333,-532.82837
1374.0,1374.0,2.4827,-385.86777
1507.0,1507.0,2.35595,-423.443
590.0,590.0,3.804575,-164.61809
554.0,554.0,3.91905,-154.19637
1474.0,1474.0,2.384225,-414.1881
896.0,896.0,3.1813333,-250.6275
1503.0,1503.0,2.3744667,-422.30435
851.0,851.0,3.286975,-237.78194
1030.0,1030.0,2.9702666,-288.94745
1800.0,1800.0,2.10284,-505.96133
1030.0,1030.0,2.9832,-288.94745
1069.0,1069.0,2.87185,-299.95786
508.0,508.0,3.9609666,-141.27122
740.0,740.0,3.49435,-207.00267
476.0,476.0,4.060325,-132.77292
966.0,966.0,3.0607,-270.60696
1936.0,1936.0,2.019875,-544.57837
369.0,369.0,4.1833,-102.10646
1422.0,1422.0,2.426025,-399.63828
1364.0,1364.0,2.50565,-382.9696
215.0,215.0,4.4658,-58.428406
1520.0,1520.0,2.35305,-427.2055
1310.0,1310.0,2.552975,-367.98932
314.0,314.0,4.0338,-85.92152
1281.0,1281.0,2.59405,-360.01465
1772.0,1772.0,2.118925,-498.06345
306.0,306.0,3.9991667,-84.15883
227.0,227.0,4.4638,-61.985794
1595.0,1595.0,2.2863,-449.0036
832.0,832.0,3.2899666,-232.42642
1549.0,1549.0,2.32975,-435.88568
892.0,892.0,3.171475,-249.50246
877.0,877.0,3.1995332,-245.28291
1958.0,1958.0,1.9955333,-551.06586
323.0,323.0,3.990375,-88.566605
591.0,591.0,3.836925,-164.9122
1299.0,1299.0,2.571525,-365.02148
1517.0,1517.0,2.3219,-426.32208
706.0,706.0,3.586,-197.42215
998.0,998.0,2.984475,-279.92914
825.0,825.0,3.325025,-230.49556
484.0,484.0,4.0145,-134.99846
1422.0,1422.0,2.424875,-399.63828
576.0,576.0,3.8148,-160.46005
1211.0,1211.0,2.67602,-339.7074
682.0,682.0,3.61095,-190.87665
1272.0,1272.0,2.6194668,-357.4043
1166.0,1166.0,2.7504,-327.31696
1655.0,1655.0,2.2286668,-465.36035
1932.0,1932.0,1.99905,-543.34644
297.0,297.0,4.0120335,-81.9895
1282.0,1282.0,2.5981,-360.29987
940.0,940.0,3.1104,-263.145
733.0,733.0,3.490425,-205.06941
698.0,698.0,3.5783,-195.13423
1478.0,1478.0,2.37255,-415.3069
1686.0,1686.0,2.209725,-474.52005
882.0,882.0,3.206425,-246.70055
1211.0,1211.0,2.682875,-339.7074
507.0,507.0,3.9431,-140.98247
1552.0,1552.0,2.296425,-436.74686
1497.0,1497.0,2.376675,-420.6082
519.0,519.0,3.95865,-144.66339
1497.0,1497.0,2.3706,-420.6082
1624.0,1624.0,2.2585,-457.1456
1844.0,1844.0,2.0754,-518.5434
1082.0,1082.0,2.85098,-303.38437
744.0,744.0,3.50245,-208.14569
1192.0,1192.0,2.71105,-334.46945
1038.0,1038.0,2.9235,-291.2493
194.0,194.0,4.8778,-53.112686
842.0,842.0,3.26885,-235.2934
1070.0,1070.0,2.879575,-300.2187
1262.0,1262.0,2.6312332,-354.42798
681.0,681.0,3.625725,-190.59856
1021.0,1021.0,2.97665,-286.4222
599.0,599.0,3.83624,-167.21841
925.0,925.0,3.1201668,-258.7302
1068.0,1068.0,2.89735,-299.69632
1087.0,1087.0,2.8610334,-304.7572
648.0,648.0,3.659,-181.2992
1269.0,1269.0,2.62995,-356.51764
1279.0,1279.0,2.6053,-359.44144
755.0,755.0,3.402725,-211.3511
586.0,586.0,3.7966,-163.42955
