P,obs_mean,pred_global,pred_uniform,pred_dopt,err_global,err_uniform,err_dopt
174.35,4.859865623379616,4.909545815210684,4.31179245312398,4.823761161268493,0.049680191831068754,0.5480731702556358,0.036104462111122615
198.60106382978722,4.715943499873139,4.66175089700706,4.323990399559284,4.6678362673578615,0.05419260286607841,0.391953100313855,0.048107232515277154
224.0344827586207,4.481915214833621,4.486721770714119,4.31938389591806,4.538706276181397,0.0048065558804983866,0.16253131891556105,0.05679106134777623
249.31978319783198,4.391735000877778,4.367314588336143,4.3022280821762795,4.435078512900951,0.02442041254163474,0.08950691870149807,0.043343512023173325
274.97074468085106,4.27015305388484,4.280822261168751,4.275557687503715,4.347952553818377,0.010669207283910964,0.00540463361887511,0.07779949993353696
300.57216494845363,4.244859248587887,4.215762748499458,4.242107675867254,4.2739822042090125,0.029096500088429345,0.0027515727206335328,0.029122955621125435
326.35849056603774,4.150137118429245,4.162902363796945,4.203312909342571,4.208889638265751,0.012765245367700295,0.05317579091332636,0.058752519836505535
351.8824940047962,4.088596456268585,4.117553091936344,4.161164100590478,4.151104534595513,0.0289566356677593,0.072567644321893,0.06250807832692828
377.513698630137,4.049040474560046,4.075477411371438,4.116053156769258,4.097772149975555,0.026436936811391476,0.06701268220921186,0.04873167541550849
402.52,4.0406779058816475,4.035677582399792,4.070056112156683,4.048885549109661,0.005000323481855418,0.029378206275035623,0.008207643228013595
428.1862068965517,3.9914181937606896,3.9948100248110876,4.021364747969233,4.000874385286682,0.0033918310503979754,0.029946554208543752,0.00945619152599253
454.479012345679,3.9512395972958023,3.9521461030727636,3.9703922196383736,3.9531268457817674,0.000906505776961275,0.019152622342571313,0.0018872484859651095
479.84197530864196,3.9361959176953087,3.9098487838379015,3.9205267838569373,3.9078464383430997,0.02634713385740728,0.01566913383837143,0.028349479352208995
505.57142857142856,3.8760592960288056,3.865661528392522,3.8695243692629226,3.8622538328526197,0.010397767636283639,0.006534926765882965,0.013805463176185917
530.8472222222222,3.8231159355710647,3.8210201920561104,3.819231625407978,3.8174952832709064,0.002095743514954229,0.003884310163086546,0.005620652300158291
556.0216346153846,3.7722564325778842,3.7754520374055502,3.769128137783687,3.772735721035321,0.00319560482766601,0.003128294794197295,0.0004792884574369438
582.3290870488323,3.738772082701274,3.7268256838834333,3.71690877402677,3.7256186767157278,0.011946398817840542,0.021863308674503923,0.01315340598554604
608.2899543378995,3.690887098009589,3.678032335786355,3.6656428026168637,3.678686013447127,0.012854762223233784,0.025244295392725213,0.01220108456246205
633.6428571428571,3.6401676394684728,3.6298101068978426,3.615931251033734,3.6323892436255587,0.010357532570630212,0.024236388434738743,0.007778395842914065
659.2554744525547,3.6035427169498786,3.5807196414802434,3.5661467475100537,3.5851430663818906,0.022823075469635246,0.03739596943982493,0.01839965056798798
684.5555555555555,3.53948219351513,3.532044564982229,3.5174658669936107,3.5380198993411884,0.007437628532901197,0.022016326521519414,0.001462294173941725
710.2595078299777,3.48491053105302,3.4825818179064925,3.468568295299356,3.489718490414649,0.0023287131465274946,0.016342235753664003,0.004807959361629255
735.7725225225225,3.4327196530452704,3.433635541186021,3.420638138543289,3.4414016464357626,0.0009158881407507202,0.01208151450198125,0.008681993390492249
761.5496828752642,3.3790284917276954,3.384478855232473,3.3728613685820896,3.392268489385586,0.005450363504777567,0.006167123145605746,0.013239997657890523
786.5964912280701,3.3353252173995616,3.3371229649200416,3.3270938496258395,3.344290600513247,0.0017977475204800086,0.00823136777372202,0.008965383113685554
811.635103926097,3.2848157678979213,3.290289313688305,3.282011315516037,3.296166360949604,0.005473545790383838,0.0028044523818842038,0.011350593051682623
838.6287553648069,3.236342149328326,3.240468854635324,3.2341814455295186,3.244187955630915,0.004126705306997991,0.002160703798807617,0.007845806302588798
864.048275862069,3.187009627888046,3.1942720542461416,3.189890943218714,3.1952319520632866,0.007262426358095375,0.002881315330667711,0.00822232417524038
889.9663677130045,3.1389615470867716,3.1479563841030256,3.145494679413325,3.1453914239869842,0.008994837016254031,0.0065331323265533925,0.006429876900212683
914.8299776286353,3.0912988252067115,3.104324866040571,3.1036385327553617,3.097727997123929,0.013026040833859387,0.012339707548650214,0.006429171917217591
941.0357894736842,3.0456937419385266,3.05923112726974,3.0603087457766858,3.0477316204354157,0.013537385331213514,0.014615003838159168,0.0020378784968890784
966.5857988165681,3.002954130663314,3.0161831467108158,3.018845510500803,2.9993021297727687,0.01322901604750193,0.01589137983748934,0.0036520008905451817
991.8600451467269,2.9645264446959367,2.9745163633189975,2.978593431976593,2.951776455063392,0.009989918623060756,0.014066987280656473,0.0127499896325447
1017.8714596949891,2.925880431926144,2.9326047720842325,2.9379626802177743,2.9033347190596324,0.006724340158088538,0.012082248291630293,0.022545712866511636
1043.0112612612613,2.8903445704617114,2.8930443954747176,2.8994609775233258,2.8570377371284152,0.0026998250130061408,0.009116407061614318,0.033306833333296204
1069.0365296803652,2.851520753424657,2.8530768844928076,2.860397693863918,2.809718377050073,0.0015561310681504459,0.008876940439261016,0.04180237637458406
1094.32688172043,2.8101799042492472,2.815199828191865,2.8232105583690235,2.76439071322136,0.005019923942617854,0.01303065411977622,0.045789191027887366
1119.4050343249428,2.7737942620144165,2.7785731563938896,2.7870857629569556,2.7201390216638224,0.004778894379473098,0.01329150094253917,0.0536552403505941
1145.255905511811,2.7382161272021657,2.7417824711963448,2.7506269703458734,2.6753054629719895,0.0035663439941790998,0.012410843143707773,0.06291066423017622
1170.8553459119496,2.7056199319498955,2.706303879333859,2.715298569461531,2.631743328064916,0.0006839473839637122,0.009678637511635557,0.07387660388497963
1196.7711111111112,2.671068246032,2.6713404571767256,2.680315677995008,2.588540895330709,0.00027221114472553154,0.009247431963007813,0.08252735070129091
1222.206818181818,2.6393436055197728,2.6379420453632605,2.6467412324998065,2.547063777601103,0.0014015601565122715,0.007397626980033767,0.09227982791866962
1247.0250569476082,2.6158450873186787,2.6062139138051066,2.614703097662975,2.5075176937655286,0.009631173513572122,0.001141989655703668,0.10832739355315013
1274.1197478991596,2.577483207282353,2.5725244040299344,2.580533736288352,2.46542975728061,0.004958803252418598,0.003050529005999003,0.11205345000174294
1298.7318181818182,2.5456263235934093,2.5427608739388035,2.5502201657885006,2.428216108619983,0.0028654496546058894,0.004593842195091291,0.11741021497342619
1324.956340956341,2.514249472659875,2.511904765850204,2.5186737452748353,2.389665724426978,0.0023447068096711376,0.004424272614960145,0.1245837482328973
1350.0731707317073,2.487777153020325,2.483160246594423,2.4891821302443873,2.3538390622591603,0.00461690642590229,0.0014049772240620761,0.13393809076116492
1375.7186813186813,2.45666258485956,2.454604683937589,2.4597924567051663,2.318392198220211,0.002057900921971001,0.0031298718456063135,0.13827038663934887
1401.3370786516855,2.4320312745660675,2.426858052734204,2.431156257651365,2.284152110385717,0.005173221831863639,0.0008750169147027087,0.1478791641803503
1426.9179954441913,2.408167594099317,2.3999062097654473,2.4032755586320995,2.2511511480660147,0.008261384333869692,0.004892035467217504,0.15701644603330234
1451.9932584269663,2.3818499930442694,2.374197003434432,2.376631365169935,2.2199753645605007,0.007652989609837402,0.005218627874334469,0.16187462848376866
1478.0042372881355,2.3547418712165253,2.3482485310222785,2.34970279126183,2.1888814887741663,0.006493340194246855,0.005039079954695325,0.165860382442359
1503.1973094170403,2.3283280207672647,2.3237935602875552,2.3243031739627256,2.1599897614337618,0.004534460479709512,0.004024846804539184,0.168338259333503
1529.3887814313346,2.3049189361696323,2.2990539082362034,2.29860129077419,2.131244692769151,0.005865027933428912,0.006317645395442106,0.1736742434004812
1555.2857142857142,2.2824267424484375,2.275256482784954,2.273886920073071,2.1041295944140828,0.0071702596634835025,0.008539822375366324,0.1782971480343547
1580.6196581196582,2.259687034493376,2.25259451649913,2.250374660659965,2.0788709828761593,0.007092517994246261,0.009312373833411325,0.1808160516172168
1606.5812917594656,2.2366415346271715,2.2299845626229597,2.226954616413831,2.0542947012751647,0.006656972004211781,0.009686918213340334,0.18234683335200685
1631.5148741418764,2.217532219110755,2.208835561371046,2.2050980121064576,2.0319441421654663,0.008696657739708957,0.012434207004297537,0.1855880769452889
1657.889370932755,2.192026271391323,2.187047600920849,2.1826490457775254,2.0096423864337485,0.004978670470474178,0.009377225613797613,0.18238388495757452
1682.8716814159293,2.1699524543475666,2.1669446379815014,2.162013970737796,1.9897917276216859,0.0030078163660651747,0.007938483609770675,0.18016072672588068
1708.9173553719008,2.147225905483058,2.1465217457421915,2.141144708608138,1.9704174274438628,0.0007041597408665723,0.006081196874919925,0.1768084780391952
1733.9978494623656,2.127770535074194,2.1273557377698182,2.121663323424187,1.953036153822028,0.00041479730437554707,0.0061072116500069384,0.17473438125216578
1759.653421633554,2.108060476191391,2.1082412974036515,2.1023519875986203,1.9365497414523283,0.0001808212122607067,0.005708488592770511,0.17151073473906253
1785.4208333333333,2.0876738178727083,2.08952717823351,2.0835771595455306,1.9213059270028356,0.001853360360801748,0.00409665832717776,0.1663678908698727
1810.9028436018957,2.070180551229858,2.071481585410453,2.06561501321384,1.9075232310525916,0.0013010341805950176,0.004565538016017889,0.1626573201772663
1836.9868995633187,2.0510726403613537,2.053469375003516,2.0478441209188567,1.8947414476352495,0.0023967346421622793,0.0032285194424970243,0.15633119272610418
1862.3195652173913,2.030486640268478,2.036407084057174,2.0311744270303578,1.8836072309841025,0.005920443788696161,0.0006877867618797495,0.14687940928437548
1887.6842105263158,2.011683719298947,2.019735460455678,2.0150587298383975,1.8737159791826894,0.008051741156730685,0.0033750105394503294,0.1379677401162578
1913.6478873239437,1.996931493245473,2.003084093347951,1.9991514797593357,1.864886750668573,0.00615260010247809,0.0022199865138627928,0.13204474257690002
1939.1140939597315,1.9801378736559283,1.9871462073621302,1.9841211943411068,1.8574922442118904,0.007008333706201908,0.003983320685178482,0.1226456294440379
1964.741935483871,1.9650952668541937,1.971489620863025,1.9695608799932813,1.8513075683459856,0.006394354008831371,0.004465613139087665,0.11378769850820802
1990.0507246376812,1.9521729206922707,1.9563934173930022,1.955731990147676,1.8464282336067246,0.004220496700731546,0.003559069455405295,0.10574468708554607
2015.4304347826087,1.936697228778261,1.9416091083257925,1.9424069957544994,1.8427515018925895,0.0049118795475315835,0.005709766976238484,0.09394572688567138
2041.4082969432313,1.9219941458255458,1.9268332725061867,1.929324168023209,1.840239013207663,0.004839126680640904,0.0073300221976631,0.08175513261788292
2064.6889763779527,1.9052158580562992,1.9138900378574135,1.9180723452698079,1.8390533959409066,0.00867417980111429,0.012856487213508627,0.06616246211539267
2089.9449541284403,1.8892028574559634,1.9001592441419746,1.9063653688295386,1.8388964630334748,0.010956386686011177,0.017162511373575162,0.05030639442248863
2115.2264150943397,1.8786799550716982,1.8867300954038484,1.8951613869308268,1.8399054367208638,0.008050140332150235,0.016481431859128648,0.03877451835083434
2141.535714285714,1.8653521130964286,1.8730814581675475,1.884042418737371,1.842181686426521,0.007729345071118887,0.01869030564094243,0.02317042666990754
2169.9574468085107,1.852337381355319,1.858701299714653,1.8726426280482453,1.8460306763412078,0.006363918359334031,0.020305246692926326,0.006306705014111236
2182.0,1.8385931034,1.8527199900935756,1.8680021856725801,1.8480928425238243,0.014126886693575536,0.0294090822725801,0.009499739123824291
